run,imp,exit_code,theta,scale,shape,gamma,e,var_type,site_class,sel_type,lnL,boundaries_hit,searches,converged,model,params,bin
318,1,3,0.0002338759765,33.0934931852,0.154569065085,na,0.0384839445885,del,1,sel,573767.558712,neu_del_theta_1,500,True,indel_continuous_1class,30,1
318,1,3,0.000173009887619,738.053224326,0.0356248010821,na,0.0340094588393,ins,1,sel,573767.558712,neu_del_theta_1,500,True,indel_continuous_1class,30,1
318,1,3,1.15389880601e-10,na,na,0,0.00199336735299,ins,1,neu,573767.558712,neu_del_theta_1,500,True,indel_continuous_1class,30,1
318,1,3,1e-10,na,na,0,0.192898724178,del,1,neu,573767.558712,neu_del_theta_1,500,True,indel_continuous_1class,30,1
103,1,3,0.000322590070254,3.43400983566,2.34375112727,na,0.0178814632239,del,1,sel,425450.323708,neu_ins_theta_1|neu_del_theta_1,500,True,indel_continuous_1class,30,129-1363
103,1,3,0.000199275863214,1.37850146865,4.05590465321,na,0.00533235494939,ins,1,sel,425450.323708,neu_ins_theta_1|neu_del_theta_1,500,True,indel_continuous_1class,30,129-1363
103,1,3,1e-10,na,na,0,0.0511561944108,ins,1,neu,425450.323708,neu_ins_theta_1|neu_del_theta_1,500,True,indel_continuous_1class,30,129-1363
103,1,3,1e-10,na,na,0,0.0359289666209,del,1,neu,425450.323708,neu_ins_theta_1|neu_del_theta_1,500,True,indel_continuous_1class,30,129-1363
313,1,3,0.000243312704239,559.26135874,0.0637492415911,na,0.0039479118296,del,1,sel,239407.781989,neu_ins_theta_1|sel_ins_e|neu_del_theta_1|sel_ins_scale,500,True,indel_continuous_1class,30,2
313,1,3,0.000142988250079,0.1,0.0010165590906,na,0,ins,1,sel,239407.781989,neu_ins_theta_1|sel_ins_e|neu_del_theta_1|sel_ins_scale,500,True,indel_continuous_1class,30,2
313,1,3,1e-10,na,na,0,0.404075883498,del,1,neu,239407.781989,neu_ins_theta_1|sel_ins_e|neu_del_theta_1|sel_ins_scale,500,True,indel_continuous_1class,30,2
313,1,3,1e-10,na,na,0,0.388978741674,ins,1,neu,239407.781989,neu_ins_theta_1|sel_ins_e|neu_del_theta_1|sel_ins_scale,500,True,indel_continuous_1class,30,2
280,1,3,0.000363635316653,349.730109577,0.235096779058,na,0.0431899589883,del,1,sel,151935.105909,neu_ins_theta_1|neu_del_theta_1,500,True,indel_continuous_1class,30,3
280,1,3,0.000183876959858,18.6176087287,0.373325432317,na,0.0514262434886,ins,1,sel,151935.105909,neu_ins_theta_1|neu_del_theta_1,500,True,indel_continuous_1class,30,3
280,1,3,1e-10,na,na,0,0.0373744214494,del,1,neu,151935.105909,neu_ins_theta_1|neu_del_theta_1,500,True,indel_continuous_1class,30,3
280,1,3,1e-10,na,na,0,0.0176307477374,ins,1,neu,151935.105909,neu_ins_theta_1|neu_del_theta_1,500,True,indel_continuous_1class,30,3
38,1,3,0.000273368607343,569.664852686,0.242256794995,na,0,ins,1,sel,111010.134287,neu_ins_theta_1|sel_ins_e|neu_del_theta_1,500,True,indel_continuous_1class,30,4
38,1,3,0.000268080400441,6.7133458506,1.24601476455,na,0.0287502967813,del,1,sel,111010.134287,neu_ins_theta_1|sel_ins_e|neu_del_theta_1,500,True,indel_continuous_1class,30,4
38,1,3,1e-10,na,na,0,0.0702138214652,del,1,neu,111010.134287,neu_ins_theta_1|sel_ins_e|neu_del_theta_1,500,True,indel_continuous_1class,30,4
38,1,3,1e-10,na,na,0,0.00131602467951,ins,1,neu,111010.134287,neu_ins_theta_1|sel_ins_e|neu_del_theta_1,500,True,indel_continuous_1class,30,4
323,1,3,0.000662516677764,87.8592324553,0.989248332665,na,0.0412302096336,del,1,sel,90718.5451449,neu_ins_theta_1|neu_del_theta_1,500,True,indel_continuous_1class,30,5
323,1,3,0.000449877206212,113.85297196,0.832167874162,na,0.052756960407,ins,1,sel,90718.5451449,neu_ins_theta_1|neu_del_theta_1,500,True,indel_continuous_1class,30,5
323,1,3,1e-10,na,na,0,0.0394519370389,ins,1,neu,90718.5451449,neu_ins_theta_1|neu_del_theta_1,500,True,indel_continuous_1class,30,5
323,1,3,1e-10,na,na,0,0.00155064866148,del,1,neu,90718.5451449,neu_ins_theta_1|neu_del_theta_1,500,True,indel_continuous_1class,30,5
62,1,3,0.000674783450091,96.0999425233,1.02617176958,na,0.0150367557379,del,1,sel,74354.2457498,neu_ins_theta_1|sel_ins_e|neu_del_theta_1,500,True,indel_continuous_1class,30,6
62,1,3,0.000492450806971,144.906306601,0.864709366549,na,0,ins,1,sel,74354.2457498,neu_ins_theta_1|sel_ins_e|neu_del_theta_1,500,True,indel_continuous_1class,30,6
62,1,3,1e-10,na,na,0,0.168427014004,ins,1,neu,74354.2457498,neu_ins_theta_1|sel_ins_e|neu_del_theta_1,500,True,indel_continuous_1class,30,6
62,1,3,1e-10,na,na,0,0.0565398324318,del,1,neu,74354.2457498,neu_ins_theta_1|sel_ins_e|neu_del_theta_1,500,True,indel_continuous_1class,30,6
238,1,3,0.000253740315568,0.885767855121,7.57827382631,na,0.0185971229701,del,1,sel,62915.2697122,neu_ins_theta_1|sel_ins_e|neu_del_theta_1|sel_ins_scale,500,True,indel_continuous_1class,30,7
238,1,3,0.000173042558446,0.1,54.1724735554,na,0,ins,1,sel,62915.2697122,neu_ins_theta_1|sel_ins_e|neu_del_theta_1|sel_ins_scale,500,True,indel_continuous_1class,30,7
238,1,3,1e-10,na,na,0,0.256388920298,del,1,neu,62915.2697122,neu_ins_theta_1|sel_ins_e|neu_del_theta_1|sel_ins_scale,500,True,indel_continuous_1class,30,7
238,1,3,1e-10,na,na,0,0.176266501955,ins,1,neu,62915.2697122,neu_ins_theta_1|sel_ins_e|neu_del_theta_1|sel_ins_scale,500,True,indel_continuous_1class,30,7
343,1,3,0.00046016206634,682.07360279,0.291926987852,na,0.0123012784943,del,1,sel,54295.9750411,neu_ins_theta_1|sel_ins_e|neu_del_theta_1,500,True,indel_continuous_1class,30,8
343,1,3,0.000159242380086,0.115827106639,40.4889255272,na,0,ins,1,sel,54295.9750411,neu_ins_theta_1|sel_ins_e|neu_del_theta_1,500,True,indel_continuous_1class,30,8
343,1,3,1e-10,na,na,0,0.106073345696,del,1,neu,54295.9750411,neu_ins_theta_1|sel_ins_e|neu_del_theta_1,500,True,indel_continuous_1class,30,8
343,1,3,1e-10,na,na,0,0.000740073962785,ins,1,neu,54295.9750411,neu_ins_theta_1|sel_ins_e|neu_del_theta_1,500,True,indel_continuous_1class,30,8
152,1,3,0.000581240519218,111.294288558,0.768694989441,na,0.0150667730954,del,1,sel,48627.6765907,neu_ins_theta_1|sel_ins_e|neu_del_theta_1,500,True,indel_continuous_1class,30,9
152,1,3,0.000342075399017,169.901156551,0.572777832655,na,0,ins,1,sel,48627.6765907,neu_ins_theta_1|sel_ins_e|neu_del_theta_1,500,True,indel_continuous_1class,30,9
152,1,3,1e-10,na,na,0,0.00528158132313,ins,1,neu,48627.6765907,neu_ins_theta_1|sel_ins_e|neu_del_theta_1,500,True,indel_continuous_1class,30,9
152,1,3,1e-10,na,na,0,0.00159918055853,del,1,neu,48627.6765907,neu_ins_theta_1|sel_ins_e|neu_del_theta_1,500,True,indel_continuous_1class,30,9
25,1,3,0.000519832412045,1319.99446379,0.243447206564,na,0.0405374632807,del,1,sel,44463.3801812,neu_ins_theta_1|neu_del_theta_1|sel_ins_scale,500,True,indel_continuous_1class,30,10
25,1,3,0.000233015286401,5000,0.0676323000531,na,0.0670743894771,ins,1,sel,44463.3801812,neu_ins_theta_1|neu_del_theta_1|sel_ins_scale,500,True,indel_continuous_1class,30,10
25,1,3,1e-10,na,na,0,0.0661691898334,del,1,neu,44463.3801812,neu_ins_theta_1|neu_del_theta_1|sel_ins_scale,500,True,indel_continuous_1class,30,10
25,1,3,1e-10,na,na,0,0.000122693019336,ins,1,neu,44463.3801812,neu_ins_theta_1|neu_del_theta_1|sel_ins_scale,500,True,indel_continuous_1class,30,10
30,1,3,0.000868692777984,128.322084498,1.08017932598,na,0.05009455166,del,1,sel,39908.0451511,neu_ins_theta_1|neu_del_theta_1,500,True,indel_continuous_1class,30,11
30,1,3,0.00050687980415,105.449876743,1.05058890223,na,0.061665261577,ins,1,sel,39908.0451511,neu_ins_theta_1|neu_del_theta_1,500,True,indel_continuous_1class,30,11
30,1,3,1e-10,na,na,0,0.0517906147095,ins,1,neu,39908.0451511,neu_ins_theta_1|neu_del_theta_1,500,True,indel_continuous_1class,30,11
30,1,3,1e-10,na,na,0,0.00493264135649,del,1,neu,39908.0451511,neu_ins_theta_1|neu_del_theta_1,500,True,indel_continuous_1class,30,11
221,1,3,0.000230777015911,2900.02546645,0.0222266628471,na,0.0384660472504,del,1,sel,35996.8158123,neu_ins_theta_1|neu_del_theta_1,500,True,indel_continuous_1class,30,12
221,1,3,0.000179699825468,526.392770572,0.055352502475,na,0.0654530712234,ins,1,sel,35996.8158123,neu_ins_theta_1|neu_del_theta_1,500,True,indel_continuous_1class,30,12
221,1,3,1e-10,na,na,0,0.102365021825,del,1,neu,35996.8158123,neu_ins_theta_1|neu_del_theta_1,500,True,indel_continuous_1class,30,12
221,1,3,1e-10,na,na,0,0.0432947927809,ins,1,neu,35996.8158123,neu_ins_theta_1|neu_del_theta_1,500,True,indel_continuous_1class,30,12
400,1,3,0.000270997803246,1.03401303842,7.58179098294,na,0.0175386077829,del,1,sel,33547.3745239,neu_ins_theta_1|neu_del_theta_1|sel_ins_scale,500,True,indel_continuous_1class,30,13
400,1,3,0.000210598716985,5000,0.0576229038567,na,0.00231851853638,ins,1,sel,33547.3745239,neu_ins_theta_1|neu_del_theta_1|sel_ins_scale,500,True,indel_continuous_1class,30,13
400,1,3,1e-10,na,na,0,0.477157022323,ins,1,neu,33547.3745239,neu_ins_theta_1|neu_del_theta_1|sel_ins_scale,500,True,indel_continuous_1class,30,13
400,1,3,1e-10,na,na,0,0.0684034079568,del,1,neu,33547.3745239,neu_ins_theta_1|neu_del_theta_1|sel_ins_scale,500,True,indel_continuous_1class,30,13
497,1,3,0.000297281537226,0.506051090936,16.3916483223,na,0.0551992599842,del,1,sel,30941.9260881,neu_ins_theta_1|neu_del_theta_1|sel_ins_scale,500,True,indel_continuous_1class,30,14
497,1,3,0.000242452618433,5000,0.0691506038134,na,0.0567360109313,ins,1,sel,30941.9260881,neu_ins_theta_1|neu_del_theta_1|sel_ins_scale,500,True,indel_continuous_1class,30,14
497,1,3,1e-10,na,na,0,0.346171753248,ins,1,neu,30941.9260881,neu_ins_theta_1|neu_del_theta_1|sel_ins_scale,500,True,indel_continuous_1class,30,14
497,1,3,1e-10,na,na,0,0.0309530196644,del,1,neu,30941.9260881,neu_ins_theta_1|neu_del_theta_1|sel_ins_scale,500,True,indel_continuous_1class,30,14
315,1,3,0.000275240771855,1.40589045936,5.71087997741,na,0.0109385507745,del,1,sel,27571.0875258,neu_ins_theta_1|neu_del_theta_1|sel_ins_scale,500,True,indel_continuous_1class,30,15
315,1,3,0.000180782512113,0.1,60.7256975226,na,2.22044604925e-18,ins,1,sel,27571.0875258,neu_ins_theta_1|neu_del_theta_1|sel_ins_scale,500,True,indel_continuous_1class,30,15
315,1,3,1e-10,na,na,0,0.00797988070484,del,1,neu,27571.0875258,neu_ins_theta_1|neu_del_theta_1|sel_ins_scale,500,True,indel_continuous_1class,30,15
315,1,3,1e-10,na,na,0,0.000173784105447,ins,1,neu,27571.0875258,neu_ins_theta_1|neu_del_theta_1|sel_ins_scale,500,True,indel_continuous_1class,30,15
34,1,3,0.000550543097075,359.658934712,0.435570789379,na,0.0546654577638,del,1,sel,26520.175845,r_19|neu_ins_theta_1|neu_del_theta_1,500,True,indel_continuous_1class,30,16
34,1,3,0.000223822911932,14.7754514349,1.02863893686,na,0.0574460328211,ins,1,sel,26520.175845,r_19|neu_ins_theta_1|neu_del_theta_1,500,True,indel_continuous_1class,30,16
34,1,3,1e-10,na,na,0,0.119788148209,del,1,neu,26520.175845,r_19|neu_ins_theta_1|neu_del_theta_1,500,True,indel_continuous_1class,30,16
34,1,3,1e-10,na,na,0,0.00611620456885,ins,1,neu,26520.175845,r_19|neu_ins_theta_1|neu_del_theta_1,500,True,indel_continuous_1class,30,16
290,1,3,0.000902538285171,76.7566011174,1.50908204965,na,0.0366690597588,del,1,sel,23820.9373696,neu_ins_theta_1|neu_del_theta_1,500,True,indel_continuous_1class,30,17
290,1,3,0.000490161168736,49.628515855,1.58236885209,na,0.0347025974845,ins,1,sel,23820.9373696,neu_ins_theta_1|neu_del_theta_1,500,True,indel_continuous_1class,30,17
290,1,3,1e-10,na,na,0,0.404219693419,ins,1,neu,23820.9373696,neu_ins_theta_1|neu_del_theta_1,500,True,indel_continuous_1class,30,17
290,1,3,1e-10,na,na,0,0.177445717828,del,1,neu,23820.9373696,neu_ins_theta_1|neu_del_theta_1,500,True,indel_continuous_1class,30,17
399,1,3,0.000300413491877,0.464548645981,19.2564888246,na,0.0144859626392,del,1,sel,23031.8676567,r_19|neu_ins_theta_1|neu_del_theta_1|sel_ins_scale,500,True,indel_continuous_1class,30,18
399,1,3,0.000226788450962,5000,0.0715697763166,na,2.22044604925e-18,ins,1,sel,23031.8676567,r_19|neu_ins_theta_1|neu_del_theta_1|sel_ins_scale,500,True,indel_continuous_1class,30,18
399,1,3,1e-10,na,na,0,0.415203038836,del,1,neu,23031.8676567,r_19|neu_ins_theta_1|neu_del_theta_1|sel_ins_scale,500,True,indel_continuous_1class,30,18
399,1,3,1e-10,na,na,0,0.0427188589788,ins,1,neu,23031.8676567,r_19|neu_ins_theta_1|neu_del_theta_1|sel_ins_scale,500,True,indel_continuous_1class,30,18
35,1,3,0.000702906901012,99.7000195052,1.0524615096,na,0.0486400452766,del,1,sel,20863.6306391,r_19|neu_ins_theta_1|neu_del_theta_1,500,True,indel_continuous_1class,30,19
35,1,3,0.00053692800945,132.610781619,0.927946117012,na,0.0769080484172,ins,1,sel,20863.6306391,r_19|neu_ins_theta_1|neu_del_theta_1,500,True,indel_continuous_1class,30,19
35,1,3,1e-10,na,na,0,0.0522137198528,ins,1,neu,20863.6306391,r_19|neu_ins_theta_1|neu_del_theta_1,500,True,indel_continuous_1class,30,19
35,1,3,1e-10,na,na,0,0.0300539402538,del,1,neu,20863.6306391,r_19|neu_ins_theta_1|neu_del_theta_1,500,True,indel_continuous_1class,30,19
425,1,3,0.000305200138618,257.66811042,0.200121981293,na,0.0210009931266,del,1,sel,19631.8937738,neu_ins_theta_1|neu_del_theta_1,500,True,indel_continuous_1class,30,20
425,1,3,0.000161580854,7.49618939266,0.412692515075,na,0.0017313771092,ins,1,sel,19631.8937738,neu_ins_theta_1|neu_del_theta_1,500,True,indel_continuous_1class,30,20
425,1,3,1e-10,na,na,0,0.180530129536,ins,1,neu,19631.8937738,neu_ins_theta_1|neu_del_theta_1,500,True,indel_continuous_1class,30,20
425,1,3,1e-10,na,na,0,0.00702824484284,del,1,neu,19631.8937738,neu_ins_theta_1|neu_del_theta_1,500,True,indel_continuous_1class,30,20
377,1,3,0.000301033984633,0.651447773045,14.884979147,na,0.0592362615419,del,1,sel,19132.2047411,r_19|neu_ins_theta_1|neu_del_theta_1|sel_ins_scale,500,True,indel_continuous_1class,30,21
377,1,3,0.000281815346954,5000,0.0806777255147,na,0.0470534279096,ins,1,sel,19132.2047411,r_19|neu_ins_theta_1|neu_del_theta_1|sel_ins_scale,500,True,indel_continuous_1class,30,21
377,1,3,1e-10,na,na,0,0.309845963179,ins,1,neu,19132.2047411,r_19|neu_ins_theta_1|neu_del_theta_1|sel_ins_scale,500,True,indel_continuous_1class,30,21
377,1,3,1e-10,na,na,0,0.052962835246,del,1,neu,19132.2047411,r_19|neu_ins_theta_1|neu_del_theta_1|sel_ins_scale,500,True,indel_continuous_1class,30,21
190,1,3,0.000594807857927,91.7846950245,0.884296829222,na,0.0219603881165,del,1,sel,18098.37101,neu_ins_theta_1|sel_ins_e|neu_del_theta_1,500,True,indel_continuous_1class,30,22
190,1,3,0.000423195570044,157.157015148,0.710727642672,na,0,ins,1,sel,18098.37101,neu_ins_theta_1|sel_ins_e|neu_del_theta_1,500,True,indel_continuous_1class,30,22
190,1,3,1e-10,na,na,0,0.437589749241,ins,1,neu,18098.37101,neu_ins_theta_1|sel_ins_e|neu_del_theta_1,500,True,indel_continuous_1class,30,22
190,1,3,1e-10,na,na,0,0.250329076615,del,1,neu,18098.37101,neu_ins_theta_1|sel_ins_e|neu_del_theta_1,500,True,indel_continuous_1class,30,22
103,1,3,0.000320442865178,1.00486348673,10.3421298576,na,0.0259336998688,del,1,sel,17606.8954313,neu_ins_theta_1|sel_ins_e|neu_del_theta_1|sel_ins_scale,500,True,indel_continuous_1class,30,23
103,1,3,0.000255992930517,5000,0.0761306599261,na,0,ins,1,sel,17606.8954313,neu_ins_theta_1|sel_ins_e|neu_del_theta_1|sel_ins_scale,500,True,indel_continuous_1class,30,23
103,1,3,1e-10,na,na,0,0.0363864633613,del,1,neu,17606.8954313,neu_ins_theta_1|sel_ins_e|neu_del_theta_1|sel_ins_scale,500,True,indel_continuous_1class,30,23
103,1,3,1e-10,na,na,0,0.0135915638173,ins,1,neu,17606.8954313,neu_ins_theta_1|sel_ins_e|neu_del_theta_1|sel_ins_scale,500,True,indel_continuous_1class,30,23
196,1,3,0.000334339645927,18.865255386,0.926559562002,na,0.0266934235779,del,1,sel,15872.8171758,neu_ins_theta_1|sel_ins_e|neu_del_theta_1,500,True,indel_continuous_1class,30,24
196,1,3,0.000291722409675,446.048424717,0.29665901373,na,0,ins,1,sel,15872.8171758,neu_ins_theta_1|sel_ins_e|neu_del_theta_1,500,True,indel_continuous_1class,30,24
196,1,3,1e-10,na,na,0,0.301141223532,ins,1,neu,15872.8171758,neu_ins_theta_1|sel_ins_e|neu_del_theta_1,500,True,indel_continuous_1class,30,24
196,1,3,1e-10,na,na,0,0.0192070244334,del,1,neu,15872.8171758,neu_ins_theta_1|sel_ins_e|neu_del_theta_1,500,True,indel_continuous_1class,30,24
245,1,3,0.000317234785771,1324.57915068,0.219987393843,na,0,ins,1,sel,14961.4694309,neu_ins_theta_1|sel_ins_e|neu_del_theta_1,500,True,indel_continuous_1class,30,25
245,1,3,0.000280559802965,1.08398927804,8.18145304963,na,0.0189106154093,del,1,sel,14961.4694309,neu_ins_theta_1|sel_ins_e|neu_del_theta_1,500,True,indel_continuous_1class,30,25
245,1,3,1e-10,na,na,0,0.0183076642339,del,1,neu,14961.4694309,neu_ins_theta_1|sel_ins_e|neu_del_theta_1,500,True,indel_continuous_1class,30,25
245,1,3,1e-10,na,na,0,0.017457194721,ins,1,neu,14961.4694309,neu_ins_theta_1|sel_ins_e|neu_del_theta_1,500,True,indel_continuous_1class,30,25
273,1,3,0.000374598252108,111.517139917,0.407943488097,na,0.00898430038169,del,1,sel,14685.210637,neu_ins_theta_1|sel_ins_e|neu_del_theta_1,500,True,indel_continuous_1class,30,26
273,1,3,0.00021329861491,187.952144847,0.257307933807,na,0,ins,1,sel,14685.210637,neu_ins_theta_1|sel_ins_e|neu_del_theta_1,500,True,indel_continuous_1class,30,26
273,1,3,1e-10,na,na,0,0.289534617404,del,1,neu,14685.210637,neu_ins_theta_1|sel_ins_e|neu_del_theta_1,500,True,indel_continuous_1class,30,26
273,1,3,1e-10,na,na,0,0.120714286688,ins,1,neu,14685.210637,neu_ins_theta_1|sel_ins_e|neu_del_theta_1,500,True,indel_continuous_1class,30,26
65,1,3,0.000503408636969,997.828713542,0.240752710926,na,0.0505823298062,del,1,sel,13995.518984,neu_ins_theta_1|neu_del_theta_1|sel_ins_scale,500,True,indel_continuous_1class,30,27
65,1,3,0.000209010066099,5000,0.048865663542,na,0.0712270211373,ins,1,sel,13995.518984,neu_ins_theta_1|neu_del_theta_1|sel_ins_scale,500,True,indel_continuous_1class,30,27
65,1,3,1e-10,na,na,0,0.325068896941,ins,1,neu,13995.518984,neu_ins_theta_1|neu_del_theta_1|sel_ins_scale,500,True,indel_continuous_1class,30,27
65,1,3,1e-10,na,na,0,0.191312561864,del,1,neu,13995.518984,neu_ins_theta_1|neu_del_theta_1|sel_ins_scale,500,True,indel_continuous_1class,30,27
467,1,3,0.000233357902577,22.4628172535,0.215235420293,na,0.00332849476703,del,1,sel,12908.7171651,neu_ins_theta_1|sel_ins_e|neu_del_theta_1,500,True,indel_continuous_1class,30,28
467,1,3,0.000158749358925,561.301540804,0.046536560712,na,0,ins,1,sel,12908.7171651,neu_ins_theta_1|sel_ins_e|neu_del_theta_1,500,True,indel_continuous_1class,30,28
467,1,3,1e-10,na,na,0,0.151441783815,ins,1,neu,12908.7171651,neu_ins_theta_1|sel_ins_e|neu_del_theta_1,500,True,indel_continuous_1class,30,28
467,1,3,1e-10,na,na,0,0.00748119136361,del,1,neu,12908.7171651,neu_ins_theta_1|sel_ins_e|neu_del_theta_1,500,True,indel_continuous_1class,30,28
458,1,3,0.000414618028181,986.223648309,0.197631179156,na,0.0138623178941,del,1,sel,12386.9088625,neu_ins_theta_1|sel_ins_e|neu_del_theta_1|sel_ins_scale,500,True,indel_continuous_1class,30,30
458,1,3,0.000178835737033,5000,0.0397987560014,na,0,ins,1,sel,12386.9088625,neu_ins_theta_1|sel_ins_e|neu_del_theta_1|sel_ins_scale,500,True,indel_continuous_1class,30,30
458,1,3,1e-10,na,na,0,0.258876411292,del,1,neu,12386.9088625,neu_ins_theta_1|sel_ins_e|neu_del_theta_1|sel_ins_scale,500,True,indel_continuous_1class,30,30
458,1,3,1e-10,na,na,0,0.0262912425716,ins,1,neu,12386.9088625,neu_ins_theta_1|sel_ins_e|neu_del_theta_1|sel_ins_scale,500,True,indel_continuous_1class,30,30
146,1,3,0.000518520976255,900.81843009,0.297695115986,na,0.0122623460967,del,1,sel,12285.8086666,neu_ins_theta_1|sel_ins_e|neu_del_theta_1|sel_ins_scale,500,True,indel_continuous_1class,30,29
146,1,3,0.000175868512397,0.1,65.3889621516,na,0,ins,1,sel,12285.8086666,neu_ins_theta_1|sel_ins_e|neu_del_theta_1|sel_ins_scale,500,True,indel_continuous_1class,30,29
146,1,3,1e-10,na,na,0,0.0462779681523,ins,1,neu,12285.8086666,neu_ins_theta_1|sel_ins_e|neu_del_theta_1|sel_ins_scale,500,True,indel_continuous_1class,30,29
146,1,3,1e-10,na,na,0,0.0359185670924,del,1,neu,12285.8086666,neu_ins_theta_1|sel_ins_e|neu_del_theta_1|sel_ins_scale,500,True,indel_continuous_1class,30,29
91,1,3,0.000412353811183,1301.03363915,0.169526443439,na,0.0604260852635,del,1,sel,11960.8986346,r_19|neu_ins_theta_1|neu_del_theta_1|sel_ins_scale,500,True,indel_continuous_1class,30,31
91,1,3,0.000219466665381,5000,0.0424001628169,na,0.078273486833,ins,1,sel,11960.8986346,r_19|neu_ins_theta_1|neu_del_theta_1|sel_ins_scale,500,True,indel_continuous_1class,30,31
91,1,3,1e-10,na,na,0,0.163644996293,del,1,neu,11960.8986346,r_19|neu_ins_theta_1|neu_del_theta_1|sel_ins_scale,500,True,indel_continuous_1class,30,31
91,1,3,1e-10,na,na,0,0.0146342839674,ins,1,neu,11960.8986346,r_19|neu_ins_theta_1|neu_del_theta_1|sel_ins_scale,500,True,indel_continuous_1class,30,31
486,1,3,0.000263010183514,13.7084994322,0.468768748647,na,0.0337330008391,del,1,sel,11005.0210501,r_19|neu_ins_theta_1|neu_del_theta_1,500,True,indel_continuous_1class,30,33
486,1,3,0.000246568383864,311.805436283,0.188855152285,na,0.0672841260132,ins,1,sel,11005.0210501,r_19|neu_ins_theta_1|neu_del_theta_1,500,True,indel_continuous_1class,30,33
486,1,3,1e-10,na,na,0,0.0184886462492,del,1,neu,11005.0210501,r_19|neu_ins_theta_1|neu_del_theta_1,500,True,indel_continuous_1class,30,33
486,1,3,1e-10,na,na,0,0.00192769101842,ins,1,neu,11005.0210501,r_19|neu_ins_theta_1|neu_del_theta_1,500,True,indel_continuous_1class,30,33
194,1,3,0.000324343778563,289.224774692,0.333689966296,na,0.0796640902952,ins,1,sel,10838.4811281,r_19|neu_ins_theta_1|neu_del_theta_1,500,True,indel_continuous_1class,30,32
194,1,3,0.000277737230972,8.37151381025,1.02311558684,na,0.037294786968,del,1,sel,10838.4811281,r_19|neu_ins_theta_1|neu_del_theta_1,500,True,indel_continuous_1class,30,32
194,1,3,1e-10,na,na,0,0.297676208713,ins,1,neu,10838.4811281,r_19|neu_ins_theta_1|neu_del_theta_1,500,True,indel_continuous_1class,30,32
194,1,3,1e-10,na,na,0,0.0553549561478,del,1,neu,10838.4811281,r_19|neu_ins_theta_1|neu_del_theta_1,500,True,indel_continuous_1class,30,32
336,1,3,0.00029876308673,0.519045570083,16.212274575,na,0.0449091886227,del,1,sel,10365.607323,r_19|neu_ins_theta_1|neu_del_theta_1|sel_ins_scale,500,True,indel_continuous_1class,30,34
336,1,3,0.000245553148708,5000,0.0680535398314,na,0.0666251305358,ins,1,sel,10365.607323,r_19|neu_ins_theta_1|neu_del_theta_1|sel_ins_scale,500,True,indel_continuous_1class,30,34
336,1,3,1e-10,na,na,0,0.0542019002734,del,1,neu,10365.607323,r_19|neu_ins_theta_1|neu_del_theta_1|sel_ins_scale,500,True,indel_continuous_1class,30,34
336,1,3,1e-10,na,na,0,0.0426405365155,ins,1,neu,10365.607323,r_19|neu_ins_theta_1|neu_del_theta_1|sel_ins_scale,500,True,indel_continuous_1class,30,34
9,1,3,0.00113660433954,102.589958074,1.47688944943,na,0.0461809442787,del,1,sel,9821.86624873,r_19|neu_ins_theta_1|neu_del_theta_1,500,True,indel_continuous_1class,30,35
9,1,3,0.000401473521452,25.6490317238,2.07498457819,na,0.0432869980838,ins,1,sel,9821.86624873,r_19|neu_ins_theta_1|neu_del_theta_1,500,True,indel_continuous_1class,30,35
9,1,3,1e-10,na,na,0,0.223193504794,ins,1,neu,9821.86624873,r_19|neu_ins_theta_1|neu_del_theta_1,500,True,indel_continuous_1class,30,35
9,1,3,1e-10,na,na,0,0.221000757089,del,1,neu,9821.86624873,r_19|neu_ins_theta_1|neu_del_theta_1,500,True,indel_continuous_1class,30,35
116,1,3,0.000498308763496,265.769422424,0.575101466785,na,0.0485181699105,ins,1,sel,9500.14963542,r_19|neu_ins_theta_1|neu_del_theta_1,500,True,indel_continuous_1class,30,36
116,1,3,0.000370118941878,12.6845486212,1.48541325756,na,0.0389078155666,del,1,sel,9500.14963542,r_19|neu_ins_theta_1|neu_del_theta_1,500,True,indel_continuous_1class,30,36
116,1,3,1e-10,na,na,0,0.40692023048,ins,1,neu,9500.14963542,r_19|neu_ins_theta_1|neu_del_theta_1,500,True,indel_continuous_1class,30,36
116,1,3,1e-10,na,na,0,0.0216156749503,del,1,neu,9500.14963542,r_19|neu_ins_theta_1|neu_del_theta_1,500,True,indel_continuous_1class,30,36
204,1,3,0.000641105283846,125.593791279,0.744529852374,na,0.00614624883545,del,1,sel,9486.67961869,neu_ins_theta_1|sel_ins_e|neu_del_theta_1,500,True,indel_continuous_1class,30,37
204,1,3,0.000302974772604,61.158073033,0.720631709291,na,0,ins,1,sel,9486.67961869,neu_ins_theta_1|sel_ins_e|neu_del_theta_1,500,True,indel_continuous_1class,30,37
204,1,3,1e-10,na,na,0,0.328676481905,del,1,neu,9486.67961869,neu_ins_theta_1|sel_ins_e|neu_del_theta_1,500,True,indel_continuous_1class,30,37
204,1,3,1e-10,na,na,0,0.00654797259091,ins,1,neu,9486.67961869,neu_ins_theta_1|sel_ins_e|neu_del_theta_1,500,True,indel_continuous_1class,30,37
123,1,3,0.000299150776618,14.9797070575,0.664441842781,na,3.06275735826e-05,del,1,sel,9307.51829385,neu_ins_theta_1|neu_del_theta_1,500,True,indel_continuous_1class,30,38
123,1,3,0.000222870191715,376.858664502,0.183249598645,na,0.0272726212019,ins,1,sel,9307.51829385,neu_ins_theta_1|neu_del_theta_1,500,True,indel_continuous_1class,30,38
123,1,3,1e-10,na,na,0,0.332546627074,ins,1,neu,9307.51829385,neu_ins_theta_1|neu_del_theta_1,500,True,indel_continuous_1class,30,38
123,1,3,1e-10,na,na,0,0.00673504558265,del,1,neu,9307.51829385,neu_ins_theta_1|neu_del_theta_1,500,True,indel_continuous_1class,30,38
175,1,3,0.000597399102589,373.026960487,0.45124911275,na,0.0159867803977,del,1,sel,8693.78323747,neu_ins_theta_1|neu_del_theta_1,500,True,indel_continuous_1class,30,39
175,1,3,0.000249751993076,20.2836332825,0.841114097893,na,0.0439802383037,ins,1,sel,8693.78323747,neu_ins_theta_1|neu_del_theta_1,500,True,indel_continuous_1class,30,39
175,1,3,1e-10,na,na,0,0.134220034559,del,1,neu,8693.78323747,neu_ins_theta_1|neu_del_theta_1,500,True,indel_continuous_1class,30,39
175,1,3,1e-10,na,na,0,0.0496165708755,ins,1,neu,8693.78323747,neu_ins_theta_1|neu_del_theta_1,500,True,indel_continuous_1class,30,39
124,1,3,0.000549436916036,284.506953521,0.420666459341,na,0.0409683644683,del,1,sel,8683.38506228,r_19|neu_ins_theta_1|neu_del_theta_1,500,True,indel_continuous_1class,30,40
124,1,3,0.000210315829846,6.14957966934,1.2336076298,na,0.033065734779,ins,1,sel,8683.38506228,r_19|neu_ins_theta_1|neu_del_theta_1,500,True,indel_continuous_1class,30,40
124,1,3,1e-10,na,na,0,0.0427495421598,del,1,neu,8683.38506228,r_19|neu_ins_theta_1|neu_del_theta_1,500,True,indel_continuous_1class,30,40
124,1,3,1e-10,na,na,0,0.00316995218101,ins,1,neu,8683.38506228,r_19|neu_ins_theta_1|neu_del_theta_1,500,True,indel_continuous_1class,30,40
41,1,3,0.000278962543642,58.9307897393,0.166320270736,na,0.000842425512893,del,1,sel,8291.43554418,neu_ins_theta_1|sel_ins_e|neu_del_theta_1|sel_ins_scale,500,True,indel_continuous_1class,30,42
41,1,3,0.000165564801218,5000,0.00405838544901,na,0,ins,1,sel,8291.43554418,neu_ins_theta_1|sel_ins_e|neu_del_theta_1|sel_ins_scale,500,True,indel_continuous_1class,30,42
41,1,3,1e-10,na,na,0,0.0622266658198,ins,1,neu,8291.43554418,neu_ins_theta_1|sel_ins_e|neu_del_theta_1|sel_ins_scale,500,True,indel_continuous_1class,30,42
41,1,3,1e-10,na,na,0,0.0345419970633,del,1,neu,8291.43554418,neu_ins_theta_1|sel_ins_e|neu_del_theta_1|sel_ins_scale,500,True,indel_continuous_1class,30,42
64,1,3,0.000637589727662,317.091039322,0.508019907886,na,0,del,1,sel,8274.95148359,neu_ins_theta_1|sel_del_e|neu_del_theta_1,500,True,indel_continuous_1class,30,41
64,1,3,0.000217047505511,9.21999463918,1.32845763905,na,0.0305924785722,ins,1,sel,8274.95148359,neu_ins_theta_1|sel_del_e|neu_del_theta_1,500,True,indel_continuous_1class,30,41
64,1,3,1e-10,na,na,0,0.0509185451489,del,1,neu,8274.95148359,neu_ins_theta_1|sel_del_e|neu_del_theta_1,500,True,indel_continuous_1class,30,41
64,1,3,1e-10,na,na,0,0.00376430262837,ins,1,neu,8274.95148359,neu_ins_theta_1|sel_del_e|neu_del_theta_1,500,True,indel_continuous_1class,30,41
458,1,3,0.000231391771224,0.1,24.7849845918,na,0.00089181755333,del,1,sel,7391.3708323,sel_del_scale|neu_ins_theta_1|sel_ins_e|neu_del_theta_1,500,True,indel_continuous_1class,30,43
458,1,3,0.000158984852827,1.41783738435,1.58597938873,na,0,ins,1,sel,7391.3708323,sel_del_scale|neu_ins_theta_1|sel_ins_e|neu_del_theta_1,500,True,indel_continuous_1class,30,43
458,1,3,1e-10,na,na,0,0.125937333892,ins,1,neu,7391.3708323,sel_del_scale|neu_ins_theta_1|sel_ins_e|neu_del_theta_1,500,True,indel_continuous_1class,30,43
458,1,3,1e-10,na,na,0,0.0250191795491,del,1,neu,7391.3708323,sel_del_scale|neu_ins_theta_1|sel_ins_e|neu_del_theta_1,500,True,indel_continuous_1class,30,43
117,1,3,0.000773255973942,226.380421795,0.958880180819,na,0.0444956265819,ins,1,sel,7174.01874697,r_19|neu_ins_theta_1|neu_del_theta_1,500,True,indel_continuous_1class,30,46
117,1,3,0.000561193856553,15.0559803711,2.4049366185,na,0.0401356039901,del,1,sel,7174.01874697,r_19|neu_ins_theta_1|neu_del_theta_1,500,True,indel_continuous_1class,30,46
117,1,3,1e-10,na,na,0,0.222604234866,ins,1,neu,7174.01874697,r_19|neu_ins_theta_1|neu_del_theta_1,500,True,indel_continuous_1class,30,46
117,1,3,1e-10,na,na,0,0.0157439473614,del,1,neu,7174.01874697,r_19|neu_ins_theta_1|neu_del_theta_1,500,True,indel_continuous_1class,30,46
421,1,3,0.000340119188046,1340.31227347,0.111805369522,na,0,del,1,sel,7141.46808285,neu_ins_theta_1|sel_del_e|neu_del_theta_1,500,True,indel_continuous_1class,30,45
421,1,3,0.000213589402532,46.7909693473,0.357886047347,na,0.027003273681,ins,1,sel,7141.46808285,neu_ins_theta_1|sel_del_e|neu_del_theta_1,500,True,indel_continuous_1class,30,45
421,1,3,1e-10,na,na,0,0.0877063957438,del,1,neu,7141.46808285,neu_ins_theta_1|sel_del_e|neu_del_theta_1,500,True,indel_continuous_1class,30,45
421,1,3,1e-10,na,na,0,0.00521857526055,ins,1,neu,7141.46808285,neu_ins_theta_1|sel_del_e|neu_del_theta_1,500,True,indel_continuous_1class,30,45
79,1,3,0.00054593668065,1265.32736687,0.250752869504,na,0.0401562014055,del,1,sel,7031.58658609,neu_ins_theta_1|neu_del_theta_1,500,True,indel_continuous_1class,30,44
79,1,3,0.000208753298776,0.371133999266,20.218809954,na,0.0673974701462,ins,1,sel,7031.58658609,neu_ins_theta_1|neu_del_theta_1,500,True,indel_continuous_1class,30,44
79,1,3,1e-10,na,na,0,0.135037764454,ins,1,neu,7031.58658609,neu_ins_theta_1|neu_del_theta_1,500,True,indel_continuous_1class,30,44
79,1,3,1e-10,na,na,0,0.00519456095864,del,1,neu,7031.58658609,neu_ins_theta_1|neu_del_theta_1,500,True,indel_continuous_1class,30,44
296,1,3,0.000951294236465,62.6928315287,1.73223555772,na,0.0377035024653,del,1,sel,6802.14205303,neu_ins_theta_1|sel_ins_e|neu_del_theta_1,500,True,indel_continuous_1class,30,47
296,1,3,0.000514288368999,37.7106314102,1.90601687464,na,0,ins,1,sel,6802.14205303,neu_ins_theta_1|sel_ins_e|neu_del_theta_1,500,True,indel_continuous_1class,30,47
296,1,3,1e-10,na,na,0,0.102455210097,del,1,neu,6802.14205303,neu_ins_theta_1|sel_ins_e|neu_del_theta_1,500,True,indel_continuous_1class,30,47
296,1,3,1e-10,na,na,0,0.0857770522229,ins,1,neu,6802.14205303,neu_ins_theta_1|sel_ins_e|neu_del_theta_1,500,True,indel_continuous_1class,30,47
113,1,3,0.00110395057737,82.4754529856,1.56885597881,na,0.033213057416,del,1,sel,6523.38267635,r_18|neu_ins_theta_1|sel_ins_e|neu_del_theta_1,500,True,indel_continuous_1class,30,50
113,1,3,0.000489764937146,40.5056140741,1.77406825829,na,0,ins,1,sel,6523.38267635,r_18|neu_ins_theta_1|sel_ins_e|neu_del_theta_1,500,True,indel_continuous_1class,30,50
113,1,3,1e-10,na,na,0,0.18895763886,del,1,neu,6523.38267635,r_18|neu_ins_theta_1|sel_ins_e|neu_del_theta_1,500,True,indel_continuous_1class,30,50
113,1,3,1e-10,na,na,0,0.149099010034,ins,1,neu,6523.38267635,r_18|neu_ins_theta_1|sel_ins_e|neu_del_theta_1,500,True,indel_continuous_1class,30,50
239,1,3,0.000216991031602,3.4335883198,0.792635297345,na,0,del,1,sel,6351.63713133,neu_ins_theta_1|sel_del_e|neu_del_theta_1,500,True,indel_continuous_1class,30,48
239,1,3,0.00019377841693,155.083198388,0.168020185368,na,0.0112410157638,ins,1,sel,6351.63713133,neu_ins_theta_1|sel_del_e|neu_del_theta_1,500,True,indel_continuous_1class,30,48
239,1,3,1e-10,na,na,0,0.184355336501,del,1,neu,6351.63713133,neu_ins_theta_1|sel_del_e|neu_del_theta_1,500,True,indel_continuous_1class,30,48
239,1,3,1e-10,na,na,0,0.00371191864691,ins,1,neu,6351.63713133,neu_ins_theta_1|sel_del_e|neu_del_theta_1,500,True,indel_continuous_1class,30,48
63,1,3,0.000690819676688,307.028679189,0.536374843865,na,0.0438149755004,del,1,sel,6166.45733337,r_19|neu_ins_theta_1|neu_del_theta_1,500,True,indel_continuous_1class,30,49
63,1,3,0.000211749120602,6.13167006988,1.71789381997,na,0.0455060270705,ins,1,sel,6166.45733337,r_19|neu_ins_theta_1|neu_del_theta_1,500,True,indel_continuous_1class,30,49
63,1,3,1e-10,na,na,0,0.113228886895,ins,1,neu,6166.45733337,r_19|neu_ins_theta_1|neu_del_theta_1,500,True,indel_continuous_1class,30,49
63,1,3,1e-10,na,na,0,0.00763592658454,del,1,neu,6166.45733337,r_19|neu_ins_theta_1|neu_del_theta_1,500,True,indel_continuous_1class,30,49
397,1,3,0.000973117742134,463.320837514,0.589500656982,na,0.0345441506925,del,1,sel,5890.25844404,r_19|neu_ins_theta_1|neu_del_theta_1,500,True,indel_continuous_1class,30,51
397,1,3,0.000246606831411,3.24030432755,4.06366186765,na,0.0629868095695,ins,1,sel,5890.25844404,r_19|neu_ins_theta_1|neu_del_theta_1,500,True,indel_continuous_1class,30,51
397,1,3,1e-10,na,na,0,0.271574736732,ins,1,neu,5890.25844404,r_19|neu_ins_theta_1|neu_del_theta_1,500,True,indel_continuous_1class,30,51
397,1,3,1e-10,na,na,0,0.00218617749578,del,1,neu,5890.25844404,r_19|neu_ins_theta_1|neu_del_theta_1,500,True,indel_continuous_1class,30,51
75,1,3,0.000691240025458,358.87745017,0.73488308899,na,0,ins,1,sel,5578.5860245,r_19|neu_ins_theta_1|sel_ins_e|neu_del_theta_1,500,True,indel_continuous_1class,30,52
75,1,3,0.000356865933109,4.71788543009,3.81396102188,na,0.0293614238519,del,1,sel,5578.5860245,r_19|neu_ins_theta_1|sel_ins_e|neu_del_theta_1,500,True,indel_continuous_1class,30,52
75,1,3,1e-10,na,na,0,0.213859605229,ins,1,neu,5578.5860245,r_19|neu_ins_theta_1|sel_ins_e|neu_del_theta_1,500,True,indel_continuous_1class,30,52
75,1,3,1e-10,na,na,0,0.0392826087826,del,1,neu,5578.5860245,r_19|neu_ins_theta_1|sel_ins_e|neu_del_theta_1,500,True,indel_continuous_1class,30,52
159,1,3,0.000537128847246,766.68364116,0.300838217449,na,0,del,1,sel,5330.35895215,neu_ins_theta_1|sel_del_e|neu_del_theta_1,500,True,indel_continuous_1class,30,55
159,1,3,0.000200249655717,0.671597464973,8.73965653952,na,0.00557208499039,ins,1,sel,5330.35895215,neu_ins_theta_1|sel_del_e|neu_del_theta_1,500,True,indel_continuous_1class,30,55
159,1,3,1e-10,na,na,0,0.075821410824,del,1,neu,5330.35895215,neu_ins_theta_1|sel_del_e|neu_del_theta_1,500,True,indel_continuous_1class,30,55
159,1,3,1e-10,na,na,0,0.0464020188787,ins,1,neu,5330.35895215,neu_ins_theta_1|sel_del_e|neu_del_theta_1,500,True,indel_continuous_1class,30,55
157,1,3,0.000292218152522,0.643365454401,12.1040229709,na,0.0356749041083,del,1,sel,5296.43459835,neu_ins_theta_1|sel_ins_e|neu_del_theta_1|sel_ins_scale,500,True,indel_continuous_1class,30,53
157,1,3,0.000212740573344,5000,0.0627709698161,na,0,ins,1,sel,5296.43459835,neu_ins_theta_1|sel_ins_e|neu_del_theta_1|sel_ins_scale,500,True,indel_continuous_1class,30,53
157,1,3,1e-10,na,na,0,0.00654925405002,del,1,neu,5296.43459835,neu_ins_theta_1|sel_ins_e|neu_del_theta_1|sel_ins_scale,500,True,indel_continuous_1class,30,53
157,1,3,1e-10,na,na,0,0.00369365886955,ins,1,neu,5296.43459835,neu_ins_theta_1|sel_ins_e|neu_del_theta_1|sel_ins_scale,500,True,indel_continuous_1class,30,53
327,1,3,0.000548621871855,8.58300282433,3.11536020308,na,0.031483161879,del,1,sel,5278.25783274,r_19|neu_ins_theta_1|neu_del_theta_1,500,True,indel_continuous_1class,30,61
327,1,3,0.000501394898112,21.4783656152,1.96605505694,na,0.073523110538,ins,1,sel,5278.25783274,r_19|neu_ins_theta_1|neu_del_theta_1,500,True,indel_continuous_1class,30,61
327,1,3,1e-10,na,na,0,0.129312684875,del,1,neu,5278.25783274,r_19|neu_ins_theta_1|neu_del_theta_1,500,True,indel_continuous_1class,30,61
327,1,3,1e-10,na,na,0,0.0146184697948,ins,1,neu,5278.25783274,r_19|neu_ins_theta_1|neu_del_theta_1,500,True,indel_continuous_1class,30,61
16,1,3,0.000849973311533,238.942991887,0.721579962432,na,0.0221174648762,del,1,sel,5255.90951667,neu_ins_theta_1|sel_ins_e|neu_del_theta_1,500,True,indel_continuous_1class,30,54
16,1,3,0.000225435780779,3.94244952305,2.95230712827,na,0,ins,1,sel,5255.90951667,neu_ins_theta_1|sel_ins_e|neu_del_theta_1,500,True,indel_continuous_1class,30,54
16,1,3,1e-10,na,na,0,0.389316726409,del,1,neu,5255.90951667,neu_ins_theta_1|sel_ins_e|neu_del_theta_1,500,True,indel_continuous_1class,30,54
16,1,3,1e-10,na,na,0,0.0307382119776,ins,1,neu,5255.90951667,neu_ins_theta_1|sel_ins_e|neu_del_theta_1,500,True,indel_continuous_1class,30,54
406,1,3,0.000402941477877,583.57668736,0.222622384636,na,0.0378299888867,del,1,sel,5132.77592072,r_19|neu_ins_theta_1|neu_del_theta_1,500,True,indel_continuous_1class,30,56
406,1,3,0.000235589325765,32.7428884827,0.520465161515,na,0.0550990792725,ins,1,sel,5132.77592072,r_19|neu_ins_theta_1|neu_del_theta_1,500,True,indel_continuous_1class,30,56
406,1,3,1e-10,na,na,0,0.209714723772,del,1,neu,5132.77592072,r_19|neu_ins_theta_1|neu_del_theta_1,500,True,indel_continuous_1class,30,56
406,1,3,1e-10,na,na,0,0.147009457339,ins,1,neu,5132.77592072,r_19|neu_ins_theta_1|neu_del_theta_1,500,True,indel_continuous_1class,30,56
183,1,3,0.000339570996154,612.199436398,0.2564250012,na,0.0534329935591,ins,1,sel,5006.04848305,neu_ins_theta_1|sel_del_e|neu_del_theta_1,500,True,indel_continuous_1class,30,57
183,1,3,0.000267913320491,0.542873536055,9.94815745503,na,0,del,1,sel,5006.04848305,neu_ins_theta_1|sel_del_e|neu_del_theta_1,500,True,indel_continuous_1class,30,57
183,1,3,1e-10,na,na,0,0.136445644079,ins,1,neu,5006.04848305,neu_ins_theta_1|sel_del_e|neu_del_theta_1,500,True,indel_continuous_1class,30,57
183,1,3,1e-10,na,na,0,0.127215900941,del,1,neu,5006.04848305,neu_ins_theta_1|sel_del_e|neu_del_theta_1,500,True,indel_continuous_1class,30,57
490,1,3,0.000594675984343,1468.1793487,0.25485448554,na,0.0427235300171,del,1,sel,4970.4664383,r_18|r_19|neu_ins_theta_1|neu_del_theta_1,500,True,indel_continuous_1class,30,59
490,1,3,0.000244224021834,1.26781166739,8.39995661005,na,0.0759786230949,ins,1,sel,4970.4664383,r_18|r_19|neu_ins_theta_1|neu_del_theta_1,500,True,indel_continuous_1class,30,59
490,1,3,1e-10,na,na,0,0.481462487647,del,1,neu,4970.4664383,r_18|r_19|neu_ins_theta_1|neu_del_theta_1,500,True,indel_continuous_1class,30,59
490,1,3,1e-10,na,na,0,0.10012641125,ins,1,neu,4970.4664383,r_18|r_19|neu_ins_theta_1|neu_del_theta_1,500,True,indel_continuous_1class,30,59
356,1,3,0.00094965714195,114.944428036,1.18681580644,na,0.0207579369884,del,1,sel,4939.88926648,neu_ins_theta_1|sel_ins_e|neu_del_theta_1,500,True,indel_continuous_1class,30,58
356,1,3,0.000640063972541,255.776552921,0.832567645726,na,0,ins,1,sel,4939.88926648,neu_ins_theta_1|sel_ins_e|neu_del_theta_1,500,True,indel_continuous_1class,30,58
356,1,3,1e-10,na,na,0,0.327113590835,ins,1,neu,4939.88926648,neu_ins_theta_1|sel_ins_e|neu_del_theta_1,500,True,indel_continuous_1class,30,58
356,1,3,1e-10,na,na,0,0.0130034379966,del,1,neu,4939.88926648,neu_ins_theta_1|sel_ins_e|neu_del_theta_1,500,True,indel_continuous_1class,30,58
376,1,3,0.000852424449245,96.2209907466,1.28225885064,na,0,del,1,sel,4496.83330991,neu_ins_theta_1|sel_del_e|neu_del_theta_1,500,True,indel_continuous_1class,30,60
376,1,3,0.00033463894502,27.2201839517,1.64498537694,na,0.00158544230689,ins,1,sel,4496.83330991,neu_ins_theta_1|sel_del_e|neu_del_theta_1,500,True,indel_continuous_1class,30,60
376,1,3,1e-10,na,na,0,0.354780139959,del,1,neu,4496.83330991,neu_ins_theta_1|sel_del_e|neu_del_theta_1,500,True,indel_continuous_1class,30,60
376,1,3,1e-10,na,na,0,0.026017529685,ins,1,neu,4496.83330991,neu_ins_theta_1|sel_del_e|neu_del_theta_1,500,True,indel_continuous_1class,30,60
178,1,3,0.000346487247294,241.888132718,0.20091496411,na,0.0232896629624,del,1,sel,4470.33327746,neu_ins_theta_1|neu_del_theta_1,500,True,indel_continuous_1class,30,62
178,1,3,0.000204047321494,7.78373448275,0.688882336678,na,0.00013405522202,ins,1,sel,4470.33327746,neu_ins_theta_1|neu_del_theta_1,500,True,indel_continuous_1class,30,62
178,1,3,1e-10,na,na,0,0.422407801586,ins,1,neu,4470.33327746,neu_ins_theta_1|neu_del_theta_1,500,True,indel_continuous_1class,30,62
178,1,3,1e-10,na,na,0,0.101462554283,del,1,neu,4470.33327746,neu_ins_theta_1|neu_del_theta_1,500,True,indel_continuous_1class,30,62
32,1,3,0.000835209491083,486.15382509,0.590991059288,na,0,del,1,sel,4103.37191909,r_18|neu_ins_theta_1|sel_del_e|neu_del_theta_1,500,True,indel_continuous_1class,30,63
32,1,3,0.00026110397763,5.00994646986,3.37963302453,na,0.0163261560984,ins,1,sel,4103.37191909,r_18|neu_ins_theta_1|sel_del_e|neu_del_theta_1,500,True,indel_continuous_1class,30,63
32,1,3,1e-10,na,na,0,0.497108927832,ins,1,neu,4103.37191909,r_18|neu_ins_theta_1|sel_del_e|neu_del_theta_1,500,True,indel_continuous_1class,30,63
32,1,3,1e-10,na,na,0,0.076425324784,del,1,neu,4103.37191909,r_18|neu_ins_theta_1|sel_del_e|neu_del_theta_1,500,True,indel_continuous_1class,30,63
120,1,3,0.000380562696551,854.747888806,0.273274443579,na,0.0581117703103,ins,1,sel,4062.96198141,r_19|sel_del_scale|neu_ins_theta_1|neu_del_theta_1,500,True,indel_continuous_1class,30,64
120,1,3,0.000312855133248,5000,0.0564044263597,na,0.0587489940139,del,1,sel,4062.96198141,r_19|sel_del_scale|neu_ins_theta_1|neu_del_theta_1,500,True,indel_continuous_1class,30,64
120,1,3,1e-10,na,na,0,0.0455905465192,del,1,neu,4062.96198141,r_19|sel_del_scale|neu_ins_theta_1|neu_del_theta_1,500,True,indel_continuous_1class,30,64
120,1,3,1e-10,na,na,0,0.00832321238873,ins,1,neu,4062.96198141,r_19|sel_del_scale|neu_ins_theta_1|neu_del_theta_1,500,True,indel_continuous_1class,30,64
291,1,3,0.00045672715017,18.5716624609,1.37699052442,na,0.0393424528676,del,1,sel,4003.31935947,r_19|neu_ins_theta_1|neu_del_theta_1,500,True,indel_continuous_1class,30,65
291,1,3,0.000388784924374,304.62491789,0.481193050753,na,0.0716551848903,ins,1,sel,4003.31935947,r_19|neu_ins_theta_1|neu_del_theta_1,500,True,indel_continuous_1class,30,65
291,1,3,1e-10,na,na,0,0.0424833833527,del,1,neu,4003.31935947,r_19|neu_ins_theta_1|neu_del_theta_1,500,True,indel_continuous_1class,30,65
291,1,3,1e-10,na,na,0,0.0179457011336,ins,1,neu,4003.31935947,r_19|neu_ins_theta_1|neu_del_theta_1,500,True,indel_continuous_1class,30,65
441,1,3,0.000785981876885,313.963527869,0.830908550834,na,8.881784197e-18,ins,1,sel,3997.63213694,r_17|neu_ins_theta_1|neu_del_theta_1,500,True,indel_continuous_1class,30,67
441,1,3,0.000412824134962,5.7274162597,3.64990046135,na,0.0362087410324,del,1,sel,3997.63213694,r_17|neu_ins_theta_1|neu_del_theta_1,500,True,indel_continuous_1class,30,67
441,1,3,1e-10,na,na,0,0.0351661826821,del,1,neu,3997.63213694,r_17|neu_ins_theta_1|neu_del_theta_1,500,True,indel_continuous_1class,30,67
441,1,3,1e-10,na,na,0,0.0114621207193,ins,1,neu,3997.63213694,r_17|neu_ins_theta_1|neu_del_theta_1,500,True,indel_continuous_1class,30,67
492,1,3,0.000975578813417,38.3146433711,2.12768396854,na,0.0352263537945,del,1,sel,3990.74942301,r_19|neu_ins_theta_1|neu_del_theta_1,500,True,indel_continuous_1class,30,71
492,1,3,0.000942698476434,83.957617445,1.65133611678,na,0.0685607047031,ins,1,sel,3990.74942301,r_19|neu_ins_theta_1|neu_del_theta_1,500,True,indel_continuous_1class,30,71
492,1,3,1e-10,na,na,0,0.36042980985,ins,1,neu,3990.74942301,r_19|neu_ins_theta_1|neu_del_theta_1,500,True,indel_continuous_1class,30,71
492,1,3,1e-10,na,na,0,0.280583451915,del,1,neu,3990.74942301,r_19|neu_ins_theta_1|neu_del_theta_1,500,True,indel_continuous_1class,30,71
118,1,3,0.000254157155047,0.828312253983,5.26326015073,na,0,del,1,sel,3951.90147655,neu_ins_theta_1|sel_del_e|neu_del_theta_1,500,True,indel_continuous_1class,30,66
118,1,3,0.000183283122871,1374.27644575,0.0803868652785,na,0.0459863043581,ins,1,sel,3951.90147655,neu_ins_theta_1|sel_del_e|neu_del_theta_1,500,True,indel_continuous_1class,30,66
118,1,3,1e-10,na,na,0,0.0772519100944,ins,1,neu,3951.90147655,neu_ins_theta_1|sel_del_e|neu_del_theta_1,500,True,indel_continuous_1class,30,66
118,1,3,1e-10,na,na,0,0.0557569016087,del,1,neu,3951.90147655,neu_ins_theta_1|sel_del_e|neu_del_theta_1,500,True,indel_continuous_1class,30,66
165,1,3,0.00104162639641,150.682995901,1.2122319307,na,0.0449513708827,del,1,sel,3822.40843152,r_19|neu_ins_theta_1|neu_del_theta_1,500,True,indel_continuous_1class,30,68
165,1,3,0.000688827092532,63.2401470066,1.65097463908,na,0.0767364136886,ins,1,sel,3822.40843152,r_19|neu_ins_theta_1|neu_del_theta_1,500,True,indel_continuous_1class,30,68
165,1,3,1e-10,na,na,0,0.00114480048786,ins,1,neu,3822.40843152,r_19|neu_ins_theta_1|neu_del_theta_1,500,True,indel_continuous_1class,30,68
165,1,3,1e-10,na,na,0,0.0231635096108,del,1,neu,3822.40843152,r_19|neu_ins_theta_1|neu_del_theta_1,500,True,indel_continuous_1class,30,68
179,1,3,0.000990988853836,77.0348277678,1.45260104785,na,0.0045543708249,del,1,sel,3760.49040327,neu_ins_theta_1|sel_ins_e|neu_del_theta_1,500,True,indel_continuous_1class,30,72
179,1,3,0.000434351287136,35.7064130373,1.65449263571,na,0,ins,1,sel,3760.49040327,neu_ins_theta_1|sel_ins_e|neu_del_theta_1,500,True,indel_continuous_1class,30,72
179,1,3,1e-10,na,na,0,0.171424403021,ins,1,neu,3760.49040327,neu_ins_theta_1|sel_ins_e|neu_del_theta_1,500,True,indel_continuous_1class,30,72
179,1,3,1e-10,na,na,0,0.0272359776449,del,1,neu,3760.49040327,neu_ins_theta_1|sel_ins_e|neu_del_theta_1,500,True,indel_continuous_1class,30,72
499,1,3,0.000905669414063,164.963679856,0.880642924546,na,0.0473337175757,del,1,sel,3754.21880725,r_19|neu_ins_theta_1|neu_del_theta_1,500,True,indel_continuous_1class,30,70
499,1,3,0.000642940609027,273.373383747,0.661550969555,na,0.0918078799066,ins,1,sel,3754.21880725,r_19|neu_ins_theta_1|neu_del_theta_1,500,True,indel_continuous_1class,30,70
499,1,3,1e-10,na,na,0,0.216118851529,ins,1,neu,3754.21880725,r_19|neu_ins_theta_1|neu_del_theta_1,500,True,indel_continuous_1class,30,70
499,1,3,1e-10,na,na,0,0.0113558234351,del,1,neu,3754.21880725,r_19|neu_ins_theta_1|neu_del_theta_1,500,True,indel_continuous_1class,30,70
163,1,3,0.000707308558622,461.334240993,0.633620816791,na,0.098449146754,ins,1,sel,3716.06957643,r_19|neu_ins_theta_1|neu_del_theta_1,500,True,indel_continuous_1class,30,69
163,1,3,0.000398542859523,3.136054857,5.04559185335,na,0.0686010741794,del,1,sel,3716.06957643,r_19|neu_ins_theta_1|neu_del_theta_1,500,True,indel_continuous_1class,30,69
163,1,3,1e-10,na,na,0,0.412416433543,del,1,neu,3716.06957643,r_19|neu_ins_theta_1|neu_del_theta_1,500,True,indel_continuous_1class,30,69
163,1,3,1e-10,na,na,0,0.0306579918601,ins,1,neu,3716.06957643,r_19|neu_ins_theta_1|neu_del_theta_1,500,True,indel_continuous_1class,30,69
277,1,3,0.00118290394965,100.913850708,1.40032630768,na,0,del,1,sel,3412.27861732,neu_ins_theta_1|sel_del_e|neu_del_theta_1,500,True,indel_continuous_1class,30,76
277,1,3,0.000461057073248,41.5949111706,1.58294461817,na,0.0181361838632,ins,1,sel,3412.27861732,neu_ins_theta_1|sel_del_e|neu_del_theta_1,500,True,indel_continuous_1class,30,76
277,1,3,1e-10,na,na,0,0.144253362879,del,1,neu,3412.27861732,neu_ins_theta_1|sel_del_e|neu_del_theta_1,500,True,indel_continuous_1class,30,76
277,1,3,1e-10,na,na,0,0.0981507629318,ins,1,neu,3412.27861732,neu_ins_theta_1|sel_del_e|neu_del_theta_1,500,True,indel_continuous_1class,30,76
356,1,3,0.000863412192813,428.067900231,0.582798769031,na,0,del,1,sel,3411.39838302,neu_ins_theta_1|sel_del_e|neu_del_theta_1,500,True,indel_continuous_1class,30,73
356,1,3,0.000379755924578,28.0236348588,1.39386181135,na,0.0360046209344,ins,1,sel,3411.39838302,neu_ins_theta_1|sel_del_e|neu_del_theta_1,500,True,indel_continuous_1class,30,73
356,1,3,1e-10,na,na,0,0.020333959628,del,1,neu,3411.39838302,neu_ins_theta_1|sel_del_e|neu_del_theta_1,500,True,indel_continuous_1class,30,73
356,1,3,1e-10,na,na,0,0.00466664578834,ins,1,neu,3411.39838302,neu_ins_theta_1|sel_del_e|neu_del_theta_1,500,True,indel_continuous_1class,30,73
478,1,3,0.000883584300081,199.803237399,0.849987717314,na,0.0244604326275,del,1,sel,3348.91324815,neu_ins_theta_1|neu_del_theta_1,500,True,indel_continuous_1class,30,74
478,1,3,0.000465974395858,85.8140747917,1.0137495488,na,0.0710335170113,ins,1,sel,3348.91324815,neu_ins_theta_1|neu_del_theta_1,500,True,indel_continuous_1class,30,74
478,1,3,1e-10,na,na,0,0.0950821891291,del,1,neu,3348.91324815,neu_ins_theta_1|neu_del_theta_1,500,True,indel_continuous_1class,30,74
478,1,3,1e-10,na,na,0,0.000343361037006,ins,1,neu,3348.91324815,neu_ins_theta_1|neu_del_theta_1,500,True,indel_continuous_1class,30,74
396,1,3,0.00028074254282,0.781627086069,9.12020172491,na,0.0555273538801,del,1,sel,3301.84810429,neu_ins_theta_1|sel_ins_e|neu_del_theta_1|sel_ins_scale,500,True,indel_continuous_1class,30,75
396,1,3,0.000200148973654,0.1,63.3951551439,na,0,ins,1,sel,3301.84810429,neu_ins_theta_1|sel_ins_e|neu_del_theta_1|sel_ins_scale,500,True,indel_continuous_1class,30,75
396,1,3,1e-10,na,na,0,0.24736771109,del,1,neu,3301.84810429,neu_ins_theta_1|sel_ins_e|neu_del_theta_1|sel_ins_scale,500,True,indel_continuous_1class,30,75
396,1,3,1e-10,na,na,0,0.179916992484,ins,1,neu,3301.84810429,neu_ins_theta_1|sel_ins_e|neu_del_theta_1|sel_ins_scale,500,True,indel_continuous_1class,30,75
444,1,3,0.000295910937432,22.5068073616,0.551279562487,na,0.0245139522283,del,1,sel,3128.17115549,neu_ins_theta_1|sel_ins_e|neu_del_theta_1,500,True,indel_continuous_1class,30,78
444,1,3,0.000283234753511,369.198452978,0.249577742923,na,0,ins,1,sel,3128.17115549,neu_ins_theta_1|sel_ins_e|neu_del_theta_1,500,True,indel_continuous_1class,30,78
444,1,3,1e-10,na,na,0,0.474943239901,del,1,neu,3128.17115549,neu_ins_theta_1|sel_ins_e|neu_del_theta_1,500,True,indel_continuous_1class,30,78
444,1,3,1e-10,na,na,0,0.135255029535,ins,1,neu,3128.17115549,neu_ins_theta_1|sel_ins_e|neu_del_theta_1,500,True,indel_continuous_1class,30,78
467,1,3,0.000815704105435,237.439558498,0.827846277469,na,0.0219428873698,ins,1,sel,3077.6083657,r_19|neu_ins_theta_1|neu_del_theta_1,500,True,indel_continuous_1class,30,79
467,1,3,0.000516023172315,20.6090835226,1.6345725876,na,0.0419635732373,del,1,sel,3077.6083657,r_19|neu_ins_theta_1|neu_del_theta_1,500,True,indel_continuous_1class,30,79
467,1,3,1e-10,na,na,0,0.0282440906943,ins,1,neu,3077.6083657,r_19|neu_ins_theta_1|neu_del_theta_1,500,True,indel_continuous_1class,30,79
467,1,3,1e-10,na,na,0,0.0229248832093,del,1,neu,3077.6083657,r_19|neu_ins_theta_1|neu_del_theta_1,500,True,indel_continuous_1class,30,79
278,1,3,0.000974583753491,75.3486754492,1.55235890216,na,0.0165359739773,del,1,sel,3044.90119325,r_18|neu_ins_theta_1|sel_ins_e|neu_del_theta_1,500,True,indel_continuous_1class,30,77
278,1,3,0.000299931306242,17.6642604096,2.16806466951,na,0,ins,1,sel,3044.90119325,r_18|neu_ins_theta_1|sel_ins_e|neu_del_theta_1,500,True,indel_continuous_1class,30,77
278,1,3,1e-10,na,na,0,0.241042768701,del,1,neu,3044.90119325,r_18|neu_ins_theta_1|sel_ins_e|neu_del_theta_1,500,True,indel_continuous_1class,30,77
278,1,3,1e-10,na,na,0,0.184815232941,ins,1,neu,3044.90119325,r_18|neu_ins_theta_1|sel_ins_e|neu_del_theta_1,500,True,indel_continuous_1class,30,77
233,1,3,0.000349095684832,283.613485659,0.398738051631,na,0,ins,1,sel,2997.30247094,neu_ins_theta_1|sel_ins_e|neu_del_theta_1,500,True,indel_continuous_1class,30,81
233,1,3,0.000330914582445,9.86189156803,1.28650678039,na,0.0139305654715,del,1,sel,2997.30247094,neu_ins_theta_1|sel_ins_e|neu_del_theta_1,500,True,indel_continuous_1class,30,81
233,1,3,1e-10,na,na,0,0.481264692987,del,1,neu,2997.30247094,neu_ins_theta_1|sel_ins_e|neu_del_theta_1,500,True,indel_continuous_1class,30,81
233,1,3,1e-10,na,na,0,0.158662665572,ins,1,neu,2997.30247094,neu_ins_theta_1|sel_ins_e|neu_del_theta_1,500,True,indel_continuous_1class,30,81
205,1,3,0.000517847186885,574.637758253,0.49131066168,na,2.22044604925e-18,ins,1,sel,2774.61850221,neu_ins_theta_1|neu_del_theta_1,500,True,indel_continuous_1class,30,80
205,1,3,0.000296503366695,1.90640194486,5.93280798367,na,0.0306735391567,del,1,sel,2774.61850221,neu_ins_theta_1|neu_del_theta_1,500,True,indel_continuous_1class,30,80
205,1,3,1e-10,na,na,0,0.430624161294,ins,1,neu,2774.61850221,neu_ins_theta_1|neu_del_theta_1,500,True,indel_continuous_1class,30,80
205,1,3,1e-10,na,na,0,0.0337463971976,del,1,neu,2774.61850221,neu_ins_theta_1|neu_del_theta_1,500,True,indel_continuous_1class,30,80
105,1,3,0.000422435385681,721.283323175,0.359012469593,na,0,ins,1,sel,2770.64243198,neu_ins_theta_1|sel_ins_e|neu_del_theta_1,500,True,indel_continuous_1class,30,83
105,1,3,0.000333006359699,3.35756331757,3.42184357751,na,0.0119462415616,del,1,sel,2770.64243198,neu_ins_theta_1|sel_ins_e|neu_del_theta_1,500,True,indel_continuous_1class,30,83
105,1,3,1e-10,na,na,0,0.435076989427,del,1,neu,2770.64243198,neu_ins_theta_1|sel_ins_e|neu_del_theta_1,500,True,indel_continuous_1class,30,83
105,1,3,1e-10,na,na,0,0.37114070437,ins,1,neu,2770.64243198,neu_ins_theta_1|sel_ins_e|neu_del_theta_1,500,True,indel_continuous_1class,30,83
220,1,3,0.000329539687429,14.0518418632,0.980182402741,na,0.0255865743133,del,1,sel,2721.39310203,r_19|neu_ins_theta_1|neu_del_theta_1,500,True,indel_continuous_1class,30,82
220,1,3,0.000258548489354,308.585530834,0.284405436653,na,0.105744436316,ins,1,sel,2721.39310203,r_19|neu_ins_theta_1|neu_del_theta_1,500,True,indel_continuous_1class,30,82
220,1,3,1e-10,na,na,0,0.202379206152,ins,1,neu,2721.39310203,r_19|neu_ins_theta_1|neu_del_theta_1,500,True,indel_continuous_1class,30,82
220,1,3,1e-10,na,na,0,0.0290374224811,del,1,neu,2721.39310203,r_19|neu_ins_theta_1|neu_del_theta_1,500,True,indel_continuous_1class,30,82
374,1,3,0.000789086317139,582.998578857,0.467775296833,na,0.071472793252,del,1,sel,2654.98026833,neu_ins_theta_1|neu_del_theta_1|sel_ins_scale,500,True,indel_continuous_1class,30,86
374,1,3,0.000267597902946,5000,0.0753220876851,na,0.00560200492232,ins,1,sel,2654.98026833,neu_ins_theta_1|neu_del_theta_1|sel_ins_scale,500,True,indel_continuous_1class,30,86
374,1,3,1e-10,na,na,0,0.00202913802732,del,1,neu,2654.98026833,neu_ins_theta_1|neu_del_theta_1|sel_ins_scale,500,True,indel_continuous_1class,30,86
374,1,3,1e-10,na,na,0,0.00134929699871,ins,1,neu,2654.98026833,neu_ins_theta_1|neu_del_theta_1|sel_ins_scale,500,True,indel_continuous_1class,30,86
254,1,3,0.000273136827809,980.966866173,0.0752578056696,na,0.0715392910623,del,1,sel,2634.30198913,r_19|neu_ins_theta_1|neu_del_theta_1,500,True,indel_continuous_1class,30,84
254,1,3,0.00025762373228,376.697184992,0.174499396854,na,0.0841167503228,ins,1,sel,2634.30198913,r_19|neu_ins_theta_1|neu_del_theta_1,500,True,indel_continuous_1class,30,84
254,1,3,1e-10,na,na,0,0.134870624267,ins,1,neu,2634.30198913,r_19|neu_ins_theta_1|neu_del_theta_1,500,True,indel_continuous_1class,30,84
254,1,3,1e-10,na,na,0,0.0847324446094,del,1,neu,2634.30198913,r_19|neu_ins_theta_1|neu_del_theta_1,500,True,indel_continuous_1class,30,84
450,1,3,0.00117100078044,116.728219217,1.56355669621,na,0.0273390962527,ins,1,sel,2596.37735872,r_19|neu_ins_theta_1|neu_del_theta_1,500,True,indel_continuous_1class,30,87
450,1,3,0.000848754993434,36.8669623665,2.12073329307,na,0.0371406396187,del,1,sel,2596.37735872,r_19|neu_ins_theta_1|neu_del_theta_1,500,True,indel_continuous_1class,30,87
450,1,3,1e-10,na,na,0,0.330812879031,del,1,neu,2596.37735872,r_19|neu_ins_theta_1|neu_del_theta_1,500,True,indel_continuous_1class,30,87
450,1,3,1e-10,na,na,0,0.0162999807317,ins,1,neu,2596.37735872,r_19|neu_ins_theta_1|neu_del_theta_1,500,True,indel_continuous_1class,30,87
240,1,3,0.000832831378466,157.932476314,0.811969755427,na,0.0292583185298,del,1,sel,2545.15655389,r_19|neu_ins_theta_1|neu_del_theta_1,500,True,indel_continuous_1class,30,89
240,1,3,0.000582198193568,231.845441525,0.678702262571,na,0.0736857385975,ins,1,sel,2545.15655389,r_19|neu_ins_theta_1|neu_del_theta_1,500,True,indel_continuous_1class,30,89
240,1,3,1e-10,na,na,0,0.3276703677,del,1,neu,2545.15655389,r_19|neu_ins_theta_1|neu_del_theta_1,500,True,indel_continuous_1class,30,89
240,1,3,1e-10,na,na,0,0.00511553625906,ins,1,neu,2545.15655389,r_19|neu_ins_theta_1|neu_del_theta_1,500,True,indel_continuous_1class,30,89
194,1,3,0.000782262023151,114.227771196,1.22928510864,na,0,ins,1,sel,2521.32668972,neu_ins_theta_1|sel_ins_e|neu_del_theta_1,500,True,indel_continuous_1class,30,88
194,1,3,0.000539712875069,27.5397700309,1.7095976274,na,0.0142114182192,del,1,sel,2521.32668972,neu_ins_theta_1|sel_ins_e|neu_del_theta_1,500,True,indel_continuous_1class,30,88
194,1,3,1e-10,na,na,0,0.0702654278684,ins,1,neu,2521.32668972,neu_ins_theta_1|sel_ins_e|neu_del_theta_1,500,True,indel_continuous_1class,30,88
194,1,3,1e-10,na,na,0,0.00603529558717,del,1,neu,2521.32668972,neu_ins_theta_1|sel_ins_e|neu_del_theta_1,500,True,indel_continuous_1class,30,88
455,1,3,0.000861713560834,141.730389441,0.877249476418,na,0,del,1,sel,2438.00265901,neu_ins_theta_1|sel_del_e|neu_del_theta_1,500,True,indel_continuous_1class,30,90
455,1,3,0.000330215367399,45.5291708402,0.85702545289,na,0.0430236855596,ins,1,sel,2438.00265901,neu_ins_theta_1|sel_del_e|neu_del_theta_1,500,True,indel_continuous_1class,30,90
455,1,3,1e-10,na,na,0,0.366337601535,ins,1,neu,2438.00265901,neu_ins_theta_1|sel_del_e|neu_del_theta_1,500,True,indel_continuous_1class,30,90
455,1,3,1e-10,na,na,0,0.152680896985,del,1,neu,2438.00265901,neu_ins_theta_1|sel_del_e|neu_del_theta_1,500,True,indel_continuous_1class,30,90
101,1,3,0.000519277214495,304.914821299,0.511207289293,na,0.0276025512186,ins,1,sel,2375.78903091,r_19|neu_ins_theta_1|neu_del_theta_1,500,True,indel_continuous_1class,30,91
101,1,3,0.000261075064135,0.347582346156,16.9085867867,na,0.0309468067634,del,1,sel,2375.78903091,r_19|neu_ins_theta_1|neu_del_theta_1,500,True,indel_continuous_1class,30,91
101,1,3,1e-10,na,na,0,0.258887326223,ins,1,neu,2375.78903091,r_19|neu_ins_theta_1|neu_del_theta_1,500,True,indel_continuous_1class,30,91
101,1,3,1e-10,na,na,0,0.132088374274,del,1,neu,2375.78903091,r_19|neu_ins_theta_1|neu_del_theta_1,500,True,indel_continuous_1class,30,91
49,1,3,0.00105528928671,99.4129651476,1.36562762605,na,0,del,1,sel,2369.41576396,r_19|neu_ins_theta_1|sel_del_e|neu_del_theta_1,500,True,indel_continuous_1class,30,92
49,1,3,0.000404963985789,34.1031009756,1.62862781426,na,0.0104497552804,ins,1,sel,2369.41576396,r_19|neu_ins_theta_1|sel_del_e|neu_del_theta_1,500,True,indel_continuous_1class,30,92
49,1,3,1e-10,na,na,0,0.263955975842,del,1,neu,2369.41576396,r_19|neu_ins_theta_1|sel_del_e|neu_del_theta_1,500,True,indel_continuous_1class,30,92
49,1,3,1e-10,na,na,0,0.00352160666663,ins,1,neu,2369.41576396,r_19|neu_ins_theta_1|sel_del_e|neu_del_theta_1,500,True,indel_continuous_1class,30,92
153,1,3,0.00100765395908,528.527612176,0.594760559993,na,0,del,1,sel,2336.25504955,neu_ins_theta_1|sel_del_e|neu_del_theta_1,500,True,indel_continuous_1class,30,93
153,1,3,0.000311594642851,3.32490646054,4.64231512521,na,0.0687806146138,ins,1,sel,2336.25504955,neu_ins_theta_1|sel_del_e|neu_del_theta_1,500,True,indel_continuous_1class,30,93
153,1,3,1e-10,na,na,0,0.0199297508629,ins,1,neu,2336.25504955,neu_ins_theta_1|sel_del_e|neu_del_theta_1,500,True,indel_continuous_1class,30,93
153,1,3,1e-10,na,na,0,0.0117239952371,del,1,neu,2336.25504955,neu_ins_theta_1|sel_del_e|neu_del_theta_1,500,True,indel_continuous_1class,30,93
186,1,3,0.000658652148853,670.832546987,0.394053273596,na,0.0251265028182,del,1,sel,2321.37753401,r_19|neu_ins_theta_1|neu_del_theta_1|sel_ins_scale,500,True,indel_continuous_1class,30,85
186,1,3,0.000175038998237,0.1,62.1839695578,na,0.0351232021111,ins,1,sel,2321.37753401,r_19|neu_ins_theta_1|neu_del_theta_1|sel_ins_scale,500,True,indel_continuous_1class,30,85
186,1,3,1e-10,na,na,0,0.235450424768,del,1,neu,2321.37753401,r_19|neu_ins_theta_1|neu_del_theta_1|sel_ins_scale,500,True,indel_continuous_1class,30,85
186,1,3,1e-10,na,na,0,0.0195363947944,ins,1,neu,2321.37753401,r_19|neu_ins_theta_1|neu_del_theta_1|sel_ins_scale,500,True,indel_continuous_1class,30,85
89,1,3,0.000928879675746,213.445971322,0.796583085882,na,0.0339206788675,del,1,sel,2265.41144644,r_19|neu_ins_theta_1|neu_del_theta_1,500,True,indel_continuous_1class,30,94
89,1,3,0.000573783432389,85.483301517,0.969293256484,na,0.0897085533259,ins,1,sel,2265.41144644,r_19|neu_ins_theta_1|neu_del_theta_1,500,True,indel_continuous_1class,30,94
89,1,3,1e-10,na,na,0,0.00040354054418,ins,1,neu,2265.41144644,r_19|neu_ins_theta_1|neu_del_theta_1,500,True,indel_continuous_1class,30,94
89,1,3,1e-10,na,na,0,0.000386350816536,del,1,neu,2265.41144644,r_19|neu_ins_theta_1|neu_del_theta_1,500,True,indel_continuous_1class,30,94
273,1,3,0.00103480931279,236.635230317,0.820815770423,na,0.0433850380173,del,1,sel,2240.83056355,r_19|neu_ins_theta_1|neu_del_theta_1,500,True,indel_continuous_1class,30,95
273,1,3,0.000288571793683,7.17445118554,2.36629506629,na,0.0575151463657,ins,1,sel,2240.83056355,r_19|neu_ins_theta_1|neu_del_theta_1,500,True,indel_continuous_1class,30,95
273,1,3,1e-10,na,na,0,0.0471328461751,del,1,neu,2240.83056355,r_19|neu_ins_theta_1|neu_del_theta_1,500,True,indel_continuous_1class,30,95
273,1,3,1e-10,na,na,0,0.0346915953423,ins,1,neu,2240.83056355,r_19|neu_ins_theta_1|neu_del_theta_1,500,True,indel_continuous_1class,30,95
242,1,3,0.000701540348489,92.8250278889,0.867789359919,na,0.0343853948432,del,1,sel,2212.95445494,r_19|neu_ins_theta_1|neu_del_theta_1,500,True,indel_continuous_1class,30,99
242,1,3,0.000582552127796,181.181505411,0.707195612455,na,0.0538549168717,ins,1,sel,2212.95445494,r_19|neu_ins_theta_1|neu_del_theta_1,500,True,indel_continuous_1class,30,99
242,1,3,1e-10,na,na,0,0.0636430023966,ins,1,neu,2212.95445494,r_19|neu_ins_theta_1|neu_del_theta_1,500,True,indel_continuous_1class,30,99
242,1,3,1e-10,na,na,0,0.0292681277606,del,1,neu,2212.95445494,r_19|neu_ins_theta_1|neu_del_theta_1,500,True,indel_continuous_1class,30,99
277,1,3,0.000949227983039,216.579029462,0.790514871585,na,0.0250298593545,del,1,sel,2199.26241874,r_19|neu_ins_theta_1|neu_del_theta_1,500,True,indel_continuous_1class,30,97
277,1,3,0.000566159532029,130.878076824,0.905984266416,na,0.0788949588152,ins,1,sel,2199.26241874,r_19|neu_ins_theta_1|neu_del_theta_1,500,True,indel_continuous_1class,30,97
277,1,3,1e-10,na,na,0,0.313565767922,ins,1,neu,2199.26241874,r_19|neu_ins_theta_1|neu_del_theta_1,500,True,indel_continuous_1class,30,97
277,1,3,1e-10,na,na,0,0.158224850034,del,1,neu,2199.26241874,r_19|neu_ins_theta_1|neu_del_theta_1,500,True,indel_continuous_1class,30,97
479,1,3,0.0012573097249,206.368093067,1.03965178354,na,0,del,1,sel,2182.11800021,r_19|neu_ins_theta_1|sel_del_e|neu_del_theta_1,500,True,indel_continuous_1class,30,101
479,1,3,0.000295003022039,8.1435915724,2.82464846365,na,0.0417143587502,ins,1,sel,2182.11800021,r_19|neu_ins_theta_1|sel_del_e|neu_del_theta_1,500,True,indel_continuous_1class,30,101
479,1,3,1e-10,na,na,0,0.219413742574,del,1,neu,2182.11800021,r_19|neu_ins_theta_1|sel_del_e|neu_del_theta_1,500,True,indel_continuous_1class,30,101
479,1,3,1e-10,na,na,0,0.00534275203816,ins,1,neu,2182.11800021,r_19|neu_ins_theta_1|sel_del_e|neu_del_theta_1,500,True,indel_continuous_1class,30,101
415,1,3,0.000682079567001,426.347287413,0.424977131631,na,0.0149921151775,del,1,sel,2011.43282933,neu_ins_theta_1|sel_ins_e|neu_del_theta_1,500,True,indel_continuous_1class,30,104
415,1,3,0.000210695866101,1.0936719217,5.63041052735,na,0,ins,1,sel,2011.43282933,neu_ins_theta_1|sel_ins_e|neu_del_theta_1,500,True,indel_continuous_1class,30,104
415,1,3,1e-10,na,na,0,0.31731499297,ins,1,neu,2011.43282933,neu_ins_theta_1|sel_ins_e|neu_del_theta_1,500,True,indel_continuous_1class,30,104
415,1,3,1e-10,na,na,0,0.00513434938309,del,1,neu,2011.43282933,neu_ins_theta_1|sel_ins_e|neu_del_theta_1,500,True,indel_continuous_1class,30,104
278,1,3,0.000368752520791,5000,0.0637380578152,na,0.0546867785279,del,1,sel,2001.00344581,r_19|sel_del_scale|neu_ins_theta_1|neu_del_theta_1,500,True,indel_continuous_1class,30,98
278,1,3,0.000221021238123,0.669950627012,11.5598238599,na,0.0423256453905,ins,1,sel,2001.00344581,r_19|sel_del_scale|neu_ins_theta_1|neu_del_theta_1,500,True,indel_continuous_1class,30,98
278,1,3,1e-10,na,na,0,0.0618623459407,ins,1,neu,2001.00344581,r_19|sel_del_scale|neu_ins_theta_1|neu_del_theta_1,500,True,indel_continuous_1class,30,98
278,1,3,1e-10,na,na,0,0.0077590688934,del,1,neu,2001.00344581,r_19|sel_del_scale|neu_ins_theta_1|neu_del_theta_1,500,True,indel_continuous_1class,30,98
49,1,3,0.000568931436928,197.593218588,0.76146230012,na,0.0930750747227,ins,1,sel,1964.88363855,r_19|neu_ins_theta_1|neu_del_theta_1,500,True,indel_continuous_1class,30,96
49,1,3,0.000388519389256,11.8355684543,2.00597033536,na,0.0480271659609,del,1,sel,1964.88363855,r_19|neu_ins_theta_1|neu_del_theta_1,500,True,indel_continuous_1class,30,96
49,1,3,1e-10,na,na,0,0.0172635487351,del,1,neu,1964.88363855,r_19|neu_ins_theta_1|neu_del_theta_1,500,True,indel_continuous_1class,30,96
49,1,3,1e-10,na,na,0,0.00512757232064,ins,1,neu,1964.88363855,r_19|neu_ins_theta_1|neu_del_theta_1,500,True,indel_continuous_1class,30,96
231,1,3,0.000800803542758,131.339120357,0.949055319594,na,0.0324526774644,del,1,sel,1960.90905258,neu_ins_theta_1|sel_ins_e|neu_del_theta_1,500,True,indel_continuous_1class,30,105
231,1,3,0.00058192298673,202.965586886,0.768484340073,na,0,ins,1,sel,1960.90905258,neu_ins_theta_1|sel_ins_e|neu_del_theta_1,500,True,indel_continuous_1class,30,105
231,1,3,1e-10,na,na,0,0.165200464821,ins,1,neu,1960.90905258,neu_ins_theta_1|sel_ins_e|neu_del_theta_1,500,True,indel_continuous_1class,30,105
231,1,3,1e-10,na,na,0,0.0498943483672,del,1,neu,1960.90905258,neu_ins_theta_1|sel_ins_e|neu_del_theta_1,500,True,indel_continuous_1class,30,105
342,1,3,0.000474395374621,372.119819721,0.325967036393,na,0.0698991805471,del,1,sel,1948.02403478,r_19|neu_ins_theta_1|neu_del_theta_1,500,True,indel_continuous_1class,30,102
342,1,3,0.000321482403854,14.6157855695,1.36359524417,na,0.0588071354179,ins,1,sel,1948.02403478,r_19|neu_ins_theta_1|neu_del_theta_1,500,True,indel_continuous_1class,30,102
342,1,3,1e-10,na,na,0,0.073863901393,ins,1,neu,1948.02403478,r_19|neu_ins_theta_1|neu_del_theta_1,500,True,indel_continuous_1class,30,102
342,1,3,1e-10,na,na,0,0.0231670480193,del,1,neu,1948.02403478,r_19|neu_ins_theta_1|neu_del_theta_1,500,True,indel_continuous_1class,30,102
479,1,3,0.00024650982968,1.68159097263,1.15654621908,na,0.0290541370457,del,1,sel,1918.83461682,r_19|neu_ins_theta_1|sel_ins_shape|neu_del_theta_1|sel_ins_scale,500,True,indel_continuous_1class,30,100
479,1,3,0.000134038568205,0.1,0.001,na,0.0603190721638,ins,1,sel,1918.83461682,r_19|neu_ins_theta_1|sel_ins_shape|neu_del_theta_1|sel_ins_scale,500,True,indel_continuous_1class,30,100
479,1,3,1e-10,na,na,0,0.0915744316344,ins,1,neu,1918.83461682,r_19|neu_ins_theta_1|sel_ins_shape|neu_del_theta_1|sel_ins_scale,500,True,indel_continuous_1class,30,100
479,1,3,1e-10,na,na,0,0.025392182588,del,1,neu,1918.83461682,r_19|neu_ins_theta_1|sel_ins_shape|neu_del_theta_1|sel_ins_scale,500,True,indel_continuous_1class,30,100
363,1,3,0.00104007273427,605.352183981,0.560839595052,na,0,del,1,sel,1901.8269966,r_19|neu_ins_theta_1|sel_del_e|neu_del_theta_1,500,True,indel_continuous_1class,30,103
363,1,3,0.000195690931129,1.57319262503,6.89333416572,na,0.0556850009439,ins,1,sel,1901.8269966,r_19|neu_ins_theta_1|sel_del_e|neu_del_theta_1,500,True,indel_continuous_1class,30,103
363,1,3,1e-10,na,na,0,0.0973284058144,ins,1,neu,1901.8269966,r_19|neu_ins_theta_1|sel_del_e|neu_del_theta_1,500,True,indel_continuous_1class,30,103
363,1,3,1e-10,na,na,0,0.0850291424001,del,1,neu,1901.8269966,r_19|neu_ins_theta_1|sel_del_e|neu_del_theta_1,500,True,indel_continuous_1class,30,103
181,1,3,0.00102619924571,235.341225778,0.903389639252,na,0.0221715853599,del,1,sel,1859.74266821,r_19|neu_ins_theta_1|neu_del_theta_1,500,True,indel_continuous_1class,30,106
181,1,3,0.000321210356753,12.8353543621,2.32444449321,na,0.0401329336812,ins,1,sel,1859.74266821,r_19|neu_ins_theta_1|neu_del_theta_1,500,True,indel_continuous_1class,30,106
181,1,3,1e-10,na,na,0,0.310985418964,del,1,neu,1859.74266821,r_19|neu_ins_theta_1|neu_del_theta_1,500,True,indel_continuous_1class,30,106
181,1,3,1e-10,na,na,0,0.190479949476,ins,1,neu,1859.74266821,r_19|neu_ins_theta_1|neu_del_theta_1,500,True,indel_continuous_1class,30,106
265,1,3,0.000809363321715,42.6947650155,1.65437388076,na,0.0388810982559,del,1,sel,1735.22220009,neu_ins_theta_1|sel_ins_e|neu_del_theta_1,500,True,indel_continuous_1class,30,111
265,1,3,0.000783583697208,123.963196117,1.22737222661,na,0,ins,1,sel,1735.22220009,neu_ins_theta_1|sel_ins_e|neu_del_theta_1,500,True,indel_continuous_1class,30,111
265,1,3,1e-10,na,na,0,0.335930516535,ins,1,neu,1735.22220009,neu_ins_theta_1|sel_ins_e|neu_del_theta_1,500,True,indel_continuous_1class,30,111
265,1,3,1e-10,na,na,0,0.0201269954612,del,1,neu,1735.22220009,neu_ins_theta_1|sel_ins_e|neu_del_theta_1,500,True,indel_continuous_1class,30,111
219,1,3,0.000284210099784,0.457580086791,8.88953680942,na,0,del,1,sel,1732.84817288,neu_ins_theta_1|sel_del_e|neu_del_theta_1,500,True,indel_continuous_1class,30,114
219,1,3,0.000269373019512,718.976709032,0.155128105188,na,0.00835777171346,ins,1,sel,1732.84817288,neu_ins_theta_1|sel_del_e|neu_del_theta_1,500,True,indel_continuous_1class,30,114
219,1,3,1e-10,na,na,0,0.00765887173142,del,1,neu,1732.84817288,neu_ins_theta_1|sel_del_e|neu_del_theta_1,500,True,indel_continuous_1class,30,114
219,1,3,1e-10,na,na,0,0.00242415479867,ins,1,neu,1732.84817288,neu_ins_theta_1|sel_del_e|neu_del_theta_1,500,True,indel_continuous_1class,30,114
405,1,3,0.000647579427612,519.89373335,0.564897541116,na,2.22044604925e-18,ins,1,sel,1727.06232313,neu_ins_theta_1|neu_del_theta_1,500,True,indel_continuous_1class,30,110
405,1,3,0.000564888404554,18.0352259722,1.96279567473,na,0.0330031050144,del,1,sel,1727.06232313,neu_ins_theta_1|neu_del_theta_1,500,True,indel_continuous_1class,30,110
405,1,3,1e-10,na,na,0,0.417090320228,del,1,neu,1727.06232313,neu_ins_theta_1|neu_del_theta_1,500,True,indel_continuous_1class,30,110
405,1,3,1e-10,na,na,0,0.00483542677569,ins,1,neu,1727.06232313,neu_ins_theta_1|neu_del_theta_1,500,True,indel_continuous_1class,30,110
209,1,3,0.000347709740359,23.5153181273,0.653408280335,na,0.0251990331395,del,1,sel,1720.39153641,neu_ins_theta_1|sel_ins_e|neu_del_theta_1,500,True,indel_continuous_1class,30,112
209,1,3,0.000242216276482,424.005499194,0.197472243084,na,0,ins,1,sel,1720.39153641,neu_ins_theta_1|sel_ins_e|neu_del_theta_1,500,True,indel_continuous_1class,30,112
209,1,3,1e-10,na,na,0,0.0657413165536,del,1,neu,1720.39153641,neu_ins_theta_1|sel_ins_e|neu_del_theta_1,500,True,indel_continuous_1class,30,112
209,1,3,1e-10,na,na,0,0.0275425921817,ins,1,neu,1720.39153641,neu_ins_theta_1|sel_ins_e|neu_del_theta_1,500,True,indel_continuous_1class,30,112
23,1,3,0.000410771767148,410.784933923,0.40807655055,na,0.0546314961025,ins,1,sel,1716.92690412,r_19|neu_ins_theta_1|neu_del_theta_1,500,True,indel_continuous_1class,30,109
23,1,3,0.000279391205597,0.68657359493,9.39259848608,na,0.0417627208608,del,1,sel,1716.92690412,r_19|neu_ins_theta_1|neu_del_theta_1,500,True,indel_continuous_1class,30,109
23,1,3,1e-10,na,na,0,0.215460879397,ins,1,neu,1716.92690412,r_19|neu_ins_theta_1|neu_del_theta_1,500,True,indel_continuous_1class,30,109
23,1,3,1e-10,na,na,0,0.01178181447,del,1,neu,1716.92690412,r_19|neu_ins_theta_1|neu_del_theta_1,500,True,indel_continuous_1class,30,109
464,1,3,0.000555147589339,717.337823692,0.408362998025,na,0.00214922888046,ins,1,sel,1652.92099201,r_19|neu_ins_theta_1|sel_del_e|neu_del_theta_1,500,True,indel_continuous_1class,30,117
464,1,3,0.000342205968397,1.27133977358,8.60857228391,na,0,del,1,sel,1652.92099201,r_19|neu_ins_theta_1|sel_del_e|neu_del_theta_1,500,True,indel_continuous_1class,30,117
464,1,3,1e-10,na,na,0,0.0130933349398,ins,1,neu,1652.92099201,r_19|neu_ins_theta_1|sel_del_e|neu_del_theta_1,500,True,indel_continuous_1class,30,117
464,1,3,1e-10,na,na,0,0.00658190223592,del,1,neu,1652.92099201,r_19|neu_ins_theta_1|sel_del_e|neu_del_theta_1,500,True,indel_continuous_1class,30,117
341,1,3,0.000592843647568,168.754060049,0.621056980967,na,0,del,1,sel,1635.22812576,neu_ins_theta_1|sel_del_e|neu_del_theta_1,500,True,indel_continuous_1class,30,108
341,1,3,0.00022599409803,74.9233571136,0.543708579898,na,0.0380400834683,ins,1,sel,1635.22812576,neu_ins_theta_1|sel_del_e|neu_del_theta_1,500,True,indel_continuous_1class,30,108
341,1,3,1e-10,na,na,0,0.192332991,del,1,neu,1635.22812576,neu_ins_theta_1|sel_del_e|neu_del_theta_1,500,True,indel_continuous_1class,30,108
341,1,3,1e-10,na,na,0,0.0516248155064,ins,1,neu,1635.22812576,neu_ins_theta_1|sel_del_e|neu_del_theta_1,500,True,indel_continuous_1class,30,108
230,1,3,0.000520933372142,86.3688852253,1.06751523572,na,0,ins,1,sel,1629.68985544,neu_ins_theta_1|sel_ins_e|neu_del_theta_1,500,True,indel_continuous_1class,30,113
230,1,3,0.000488071800774,35.7462910549,1.29610692072,na,0.0352918400069,del,1,sel,1629.68985544,neu_ins_theta_1|sel_ins_e|neu_del_theta_1,500,True,indel_continuous_1class,30,113
230,1,3,1e-10,na,na,0,0.0987291042375,ins,1,neu,1629.68985544,neu_ins_theta_1|sel_ins_e|neu_del_theta_1,500,True,indel_continuous_1class,30,113
230,1,3,1e-10,na,na,0,0.0523466566664,del,1,neu,1629.68985544,neu_ins_theta_1|sel_ins_e|neu_del_theta_1,500,True,indel_continuous_1class,30,113
209,1,3,0.00142181485919,243.203372847,1.01166878389,na,0.0262732599762,del,1,sel,1625.04904746,r_19|r_16|neu_ins_theta_1|neu_del_theta_1,500,True,indel_continuous_1class,30,116
209,1,3,0.000323678332257,10.7046851919,2.62268800727,na,0.0700646413423,ins,1,sel,1625.04904746,r_19|r_16|neu_ins_theta_1|neu_del_theta_1,500,True,indel_continuous_1class,30,116
209,1,3,1e-10,na,na,0,0.450414090557,ins,1,neu,1625.04904746,r_19|r_16|neu_ins_theta_1|neu_del_theta_1,500,True,indel_continuous_1class,30,116
209,1,3,1e-10,na,na,0,0.00436784191022,del,1,neu,1625.04904746,r_19|r_16|neu_ins_theta_1|neu_del_theta_1,500,True,indel_continuous_1class,30,116
195,1,3,0.000525788223953,475.547908726,0.306972633745,na,0.0366721491974,del,1,sel,1590.70486834,r_18|neu_ins_theta_1|neu_del_theta_1,500,True,indel_continuous_1class,30,107
195,1,3,0.000171708951494,1.0368445914,3.68661204345,na,0.0650054919092,ins,1,sel,1590.70486834,r_18|neu_ins_theta_1|neu_del_theta_1,500,True,indel_continuous_1class,30,107
195,1,3,1e-10,na,na,0,0.0097350784452,del,1,neu,1590.70486834,r_18|neu_ins_theta_1|neu_del_theta_1,500,True,indel_continuous_1class,30,107
195,1,3,1e-10,na,na,0,0.00509214644127,ins,1,neu,1590.70486834,r_18|neu_ins_theta_1|neu_del_theta_1,500,True,indel_continuous_1class,30,107
334,1,3,0.000661745421218,573.67555062,0.48332155047,na,0.0739041556958,ins,1,sel,1546.03383099,r_19|sel_del_scale|neu_ins_theta_1|neu_del_theta_1,500,True,indel_continuous_1class,30,120
334,1,3,0.000428174321135,5000,0.0825134791409,na,0.0279544552674,del,1,sel,1546.03383099,r_19|sel_del_scale|neu_ins_theta_1|neu_del_theta_1,500,True,indel_continuous_1class,30,120
334,1,3,1e-10,na,na,0,0.417871260925,ins,1,neu,1546.03383099,r_19|sel_del_scale|neu_ins_theta_1|neu_del_theta_1,500,True,indel_continuous_1class,30,120
334,1,3,1e-10,na,na,0,0.0761694316051,del,1,neu,1546.03383099,r_19|sel_del_scale|neu_ins_theta_1|neu_del_theta_1,500,True,indel_continuous_1class,30,120
330,1,3,0.000686278002193,956.134280128,0.360120679845,na,0.0470297013101,del,1,sel,1495.96161167,r_19|neu_ins_theta_1|neu_del_theta_1,500,True,indel_continuous_1class,30,115
330,1,3,0.000233407407366,1.80512804934,6.8646175471,na,0.0288058178467,ins,1,sel,1495.96161167,r_19|neu_ins_theta_1|neu_del_theta_1,500,True,indel_continuous_1class,30,115
330,1,3,1e-10,na,na,0,0.412546501467,ins,1,neu,1495.96161167,r_19|neu_ins_theta_1|neu_del_theta_1,500,True,indel_continuous_1class,30,115
330,1,3,1e-10,na,na,0,0.0290296393915,del,1,neu,1495.96161167,r_19|neu_ins_theta_1|neu_del_theta_1,500,True,indel_continuous_1class,30,115
322,1,3,0.000694054613986,495.597001528,0.443896132896,na,0.0358755050021,del,1,sel,1459.17787385,neu_ins_theta_1|sel_ins_e|neu_del_theta_1,500,True,indel_continuous_1class,30,119
322,1,3,0.00020211948544,0.143515754901,45.6580744893,na,0,ins,1,sel,1459.17787385,neu_ins_theta_1|sel_ins_e|neu_del_theta_1,500,True,indel_continuous_1class,30,119
322,1,3,1e-10,na,na,0,0.0853364740018,ins,1,neu,1459.17787385,neu_ins_theta_1|sel_ins_e|neu_del_theta_1,500,True,indel_continuous_1class,30,119
322,1,3,1e-10,na,na,0,0.0682389942286,del,1,neu,1459.17787385,neu_ins_theta_1|sel_ins_e|neu_del_theta_1,500,True,indel_continuous_1class,30,119
215,1,3,0.000840336048493,270.711473202,0.874332061209,na,0,ins,1,sel,1435.72246074,r_18|neu_ins_theta_1|sel_ins_e|neu_del_theta_1,500,True,indel_continuous_1class,30,123
215,1,3,0.000400645468283,6.53740402145,3.12307820158,na,0.0307677517145,del,1,sel,1435.72246074,r_18|neu_ins_theta_1|sel_ins_e|neu_del_theta_1,500,True,indel_continuous_1class,30,123
215,1,3,1e-10,na,na,0,0.094417574398,ins,1,neu,1435.72246074,r_18|neu_ins_theta_1|sel_ins_e|neu_del_theta_1,500,True,indel_continuous_1class,30,123
215,1,3,1e-10,na,na,0,0.0150019534959,del,1,neu,1435.72246074,r_18|neu_ins_theta_1|sel_ins_e|neu_del_theta_1,500,True,indel_continuous_1class,30,123
420,1,3,0.000604782141748,102.961505823,0.666714384549,na,0.0309558376294,del,1,sel,1410.32008195,neu_ins_theta_1|neu_del_theta_1,500,True,indel_continuous_1class,30,125
420,1,3,0.000212796153752,2.36091968786,2.91833286928,na,2.22044604925e-18,ins,1,sel,1410.32008195,neu_ins_theta_1|neu_del_theta_1,500,True,indel_continuous_1class,30,125
420,1,3,1e-10,na,na,0,0.111188147795,del,1,neu,1410.32008195,neu_ins_theta_1|neu_del_theta_1,500,True,indel_continuous_1class,30,125
420,1,3,1e-10,na,na,0,0.0846190376238,ins,1,neu,1410.32008195,neu_ins_theta_1|neu_del_theta_1,500,True,indel_continuous_1class,30,125
171,1,3,0.00101318678661,540.246505514,0.553658643891,na,0,del,1,sel,1406.34020726,r_17|neu_ins_theta_1|sel_del_e|neu_del_theta_1,500,True,indel_continuous_1class,30,128
171,1,3,0.000360089481112,4.50669511945,3.66836258757,na,0.0402430312246,ins,1,sel,1406.34020726,r_17|neu_ins_theta_1|sel_del_e|neu_del_theta_1,500,True,indel_continuous_1class,30,128
171,1,3,1e-10,na,na,0,0.0169431976384,del,1,neu,1406.34020726,r_17|neu_ins_theta_1|sel_del_e|neu_del_theta_1,500,True,indel_continuous_1class,30,128
171,1,3,1e-10,na,na,0,0.00621944626593,ins,1,neu,1406.34020726,r_17|neu_ins_theta_1|sel_del_e|neu_del_theta_1,500,True,indel_continuous_1class,30,128
260,1,3,0.0010850906998,466.501597043,0.649852078213,na,0.0425479471307,del,1,sel,1404.35440334,r_19|neu_ins_theta_1|neu_del_theta_1|sel_ins_scale,500,True,indel_continuous_1class,30,118
260,1,3,0.000244363924768,5000,0.0763166253233,na,0.0679075818883,ins,1,sel,1404.35440334,r_19|neu_ins_theta_1|neu_del_theta_1|sel_ins_scale,500,True,indel_continuous_1class,30,118
260,1,3,1e-10,na,na,0,0.316363019147,del,1,neu,1404.35440334,r_19|neu_ins_theta_1|neu_del_theta_1|sel_ins_scale,500,True,indel_continuous_1class,30,118
260,1,3,1e-10,na,na,0,0.0912671976839,ins,1,neu,1404.35440334,r_19|neu_ins_theta_1|neu_del_theta_1|sel_ins_scale,500,True,indel_continuous_1class,30,118
240,1,3,0.000474566319141,283.696886717,0.588908380107,na,0.0501093960863,ins,1,sel,1357.47127438,r_19|neu_ins_theta_1|neu_del_theta_1,500,True,indel_continuous_1class,30,121
240,1,3,0.000347731065879,9.1640024253,1.72290006542,na,0.0520969264465,del,1,sel,1357.47127438,r_19|neu_ins_theta_1|neu_del_theta_1,500,True,indel_continuous_1class,30,121
240,1,3,1e-10,na,na,0,0.356846636355,ins,1,neu,1357.47127438,r_19|neu_ins_theta_1|neu_del_theta_1,500,True,indel_continuous_1class,30,121
240,1,3,1e-10,na,na,0,0.105007413281,del,1,neu,1357.47127438,r_19|neu_ins_theta_1|neu_del_theta_1,500,True,indel_continuous_1class,30,121
374,1,3,0.000734223561418,408.508276165,0.446925067453,na,0,del,1,sel,1346.69105464,neu_ins_theta_1|sel_del_e|neu_del_theta_1,500,True,indel_continuous_1class,30,127
374,1,3,0.000281576803278,22.5755584274,0.855291955576,na,0.0388103089123,ins,1,sel,1346.69105464,neu_ins_theta_1|sel_del_e|neu_del_theta_1,500,True,indel_continuous_1class,30,127
374,1,3,1e-10,na,na,0,0.212527357116,ins,1,neu,1346.69105464,neu_ins_theta_1|sel_del_e|neu_del_theta_1,500,True,indel_continuous_1class,30,127
374,1,3,1e-10,na,na,0,0.0476224363712,del,1,neu,1346.69105464,neu_ins_theta_1|sel_del_e|neu_del_theta_1,500,True,indel_continuous_1class,30,127
84,1,3,0.000929918053998,196.05752526,0.773330004128,na,0.0211845751313,del,1,sel,1312.56324784,neu_ins_theta_1|sel_ins_e|neu_del_theta_1,500,True,indel_continuous_1class,30,124
84,1,3,0.000434260270542,488.757918971,0.390375224284,na,0,ins,1,sel,1312.56324784,neu_ins_theta_1|sel_ins_e|neu_del_theta_1,500,True,indel_continuous_1class,30,124
84,1,3,1e-10,na,na,0,0.180596707783,ins,1,neu,1312.56324784,neu_ins_theta_1|sel_ins_e|neu_del_theta_1,500,True,indel_continuous_1class,30,124
84,1,3,1e-10,na,na,0,0.000349778098667,del,1,neu,1312.56324784,neu_ins_theta_1|sel_ins_e|neu_del_theta_1,500,True,indel_continuous_1class,30,124
9,1,3,0.000447618740206,306.359633117,0.525711993178,na,0,ins,1,sel,1267.82990983,neu_ins_theta_1|sel_ins_e|neu_del_theta_1,500,True,indel_continuous_1class,30,126
9,1,3,0.000358239440251,9.34872154766,1.5555323524,na,0.0268346070061,del,1,sel,1267.82990983,neu_ins_theta_1|sel_ins_e|neu_del_theta_1,500,True,indel_continuous_1class,30,126
9,1,3,1e-10,na,na,0,0.00822334221872,del,1,neu,1267.82990983,neu_ins_theta_1|sel_ins_e|neu_del_theta_1,500,True,indel_continuous_1class,30,126
9,1,3,1e-10,na,na,0,0.00728101629426,ins,1,neu,1267.82990983,neu_ins_theta_1|sel_ins_e|neu_del_theta_1,500,True,indel_continuous_1class,30,126
163,1,3,0.0008683111304,166.771065981,0.991799456146,na,0,del,1,sel,1246.76962872,r_17|neu_ins_theta_1|sel_del_e|neu_del_theta_1,500,True,indel_continuous_1class,30,122
163,1,3,0.000276399130227,47.1263100267,1.06536392322,na,0.157263287541,ins,1,sel,1246.76962872,r_17|neu_ins_theta_1|sel_del_e|neu_del_theta_1,500,True,indel_continuous_1class,30,122
163,1,3,1e-10,na,na,0,0.13933533806,ins,1,neu,1246.76962872,r_17|neu_ins_theta_1|sel_del_e|neu_del_theta_1,500,True,indel_continuous_1class,30,122
163,1,3,1e-10,na,na,0,0.0126875875395,del,1,neu,1246.76962872,r_17|neu_ins_theta_1|sel_del_e|neu_del_theta_1,500,True,indel_continuous_1class,30,122
